seed,cq,P1,z,beta_norm_sq,r2_paper,expected_timing_return,sharpe_paper,sharpe_var
20260902,0.5,50,0.0,2.277614643863819,-1.1358276482192142,-0.015823988795430125,-0.007341639211474925,-0.007341837075425401
20260902,0.5,50,0.1,1.2614054211420866,-0.6289051075333711,-0.005122008856498678,-0.003206109399396038,-0.003206125877542722
20260902,0.5,50,0.25,0.7944645130239434,-0.39305053729116324,-0.0008739382485684723,-0.0006942111296235387,-0.000694211296903869
20260902,0.5,50,0.5,0.48875359453457373,-0.23814394049040444,0.0017243574826450777,0.0017601097554492328,0.0017601124818535671
20260902,0.5,50,1.0,0.25993917330424354,-0.12291656821697772,0.003551240037539781,0.005009585108821133,0.005009647970135388
20260902,0.5,50,2.0,0.11732180512198777,-0.05240072254568773,0.00418586461595367,0.008838427701777101,0.008838772941286743
20260902,0.5,50,5.0,0.03192821477020018,-0.011975180376405437,0.003305266848121995,0.013416909586236949,0.013418117361478897
20260902,0.5,50,10.0,0.010150249737057053,-0.0026521171673172805,0.002191180606718561,0.01577713194414577,0.01577909591601987
20260902,0.5,50,25.0,0.0019264941109360134,0.00014312017176187908,0.0010605322209699113,0.01751944482521986,0.01752213407419142
20260902,0.5,50,50.0,0.0005128569845806474,0.0003236574406476622,0.0005676127516697948,0.018167811988847083,0.018170811050624146
20260902,0.5,50,100.0,0.00013247863863797692,0.00023098993127623757,0.0002939152109814743,0.018506197325859345,0.018509367135196315
20260902,0.75,75,0.0,3.3108345288579013,-1.5732974182244144,0.011552766806138938,0.00449431145736961,0.004494356847986092
20260902,0.75,75,0.1,1.8328063484485635,-0.8715562722164378,0.017204875264464424,0.009047704853401336,0.009048075203056012
20260902,0.75,75,0.25,1.1443893108488576,-0.5440196626663725,0.015598913616364401,0.010429628854002842,0.010430196152978173
20260902,0.75,75,0.5,0.6978287579629171,-0.3295151718431002,0.013604937837533025,0.011692885293752536,0.011693684722218982
20260902,0.75,75,1.0,0.37041540440717347,-0.17127694730600984,0.011357222100971332,0.013438593979158867,0.013439807620415179
20260902,0.75,75,2.0,0.1680804777978652,-0.07394263817219371,0.008957038253855654,0.015755296992364037,0.01575725282032025
20260902,0.75,75,5.0,0.04616503842109044,-0.01706967949298699,0.005683707047249154,0.019059275634171386,0.019062738275566527
20260902,0.75,75,10.0,0.014754148679125464,-0.0037155018006571616,0.003553870509536425,0.02104827234174869,0.021052936397154665
20260902,0.75,75,25.0,0.002812762109283353,0.0002883709898886533,0.001673712247022903,0.02266627157045117,0.02267209632527387
20260902,0.75,75,50.0,0.0007501793821226099,0.0005200814665355935,0.0008893486133396092,0.02330454925314184,0.023310880205862892
20260902,0.75,75,100.0,0.0001939808857336789,0.00036368274613551854,0.0004590517925256048,0.023645988038753313,0.023652601435370724
20260902,0.9,90,0.0,15.138627600825778,-7.121295242244958,-0.014627799479669442,-0.002603344279729248,-0.0026033531017287245
20260902,0.9,90,0.1,2.096047891703744,-0.9581330356360689,0.02481500843825522,0.012400075402171624,0.01240102884151586
20260902,0.9,90,0.25,1.2047083369433265,-0.5377093993403292,0.03189845288569611,0.02101201517013168,0.021016655159204627
20260902,0.9,90,0.5,0.7260605892508691,-0.31455118096646806,0.03138862081132073,0.026611818983134278,0.026621247088623668
20260902,0.9,90,1.0,0.39077589373552063,-0.1602636423877828,0.027265067013726343,0.03149651431811465,0.031512148701486914
20260902,0.9,90,2.0,0.1813206469950186,-0.06637570202961163,0.021192205009923828,0.03591474935170618,0.03593793444830978
20260902,0.9,90,5.0,0.05112927251391028,-0.01208902327794803,0.012785512613060858,0.040706637144306175,0.040740405181836366
20260902,0.9,90,10.0,0.01656716590364495,-0.000356057781604191,0.007737592269823637,0.043182679351836964,0.043222998065368855
20260902,0.9,90,25.0,0.0031924927275057548,0.001987785341606152,0.0035520884033723734,0.045062211923960545,0.04510803344986147
20260902,0.9,90,50.0,0.0008550524313966226,0.0014501436771187093,0.001869255527906295,0.04577849692798911,0.04582654078347333
20260902,0.9,90,100.0,0.00022159985347881887,0.0008515057668234682,0.0009599634023944319,0.04615670641201982,0.04620595219495286
20260902,0.95,95,0.0,84.44447005123374,-40.812401289865925,-0.11672634872665412,-0.008931137328318654,-0.008931493546669198
20260902,0.95,95,0.1,2.1779270825945707,-1.0182870653287117,0.006571189046064564,0.0032275381545266617,0.0032275549652945753
20260902,0.95,95,0.25,1.2365955712787544,-0.5671613486395981,0.022251396034169615,0.014428254248590946,0.014429756280564698
20260902,0.95,95,0.5,0.7447939257855481,-0.33308990884948897,0.025315775421106315,0.02107131921533328,0.021075998611696553
20260902,0.95,95,1.0,0.4015934991913231,-0.17147890986653547,0.023304026966483246,0.026363632436889464,0.02637279911982819
20260902,0.95,95,2.0,0.18677972006144306,-0.07255717610495771,0.018593160718052077,0.03081595460662133,0.03083059680640414
20260902,0.95,95,5.0,0.05279591220612711,-0.01452591207210685,0.011398998465580908,0.03548026852680616,0.0355026217919126
20260902,0.95,95,10.0,0.017124271550673156,-0.0014926568471012036,0.006943458533898333,0.0378931086095666,0.037920343066200665
20260902,0.95,95,25.0,0.003301826249761923,0.00157282948298465,0.0032030510853479203,0.03974983204761858,0.03978127265493317
20260902,0.95,95,50.0,0.0008845039384733924,0.0012520304379632918,0.0016887967689317076,0.04046617869198683,0.040499351356889646
20260902,0.95,95,100.0,0.00022925379693416453,0.0007551318630066861,0.0008681805874365049,0.040846772259058,0.04088089053710002
20260902,0.98,98,0.0,96.03040784513901,-45.64621236766328,-0.19259791409714339,-0.01433603118993685,-0.014337504600452041
20260902,0.98,98,0.1,2.2935986244613917,-1.0730826371173787,0.010830234144029017,0.005212463930895347,0.005212534743088046
20260902,0.98,98,0.25,1.2832189204771436,-0.5885136650221621,0.02492881199715431,0.015923040932799143,0.01592505990636511
20260902,0.98,98,0.5,0.7619662967602512,-0.34044374908393626,0.027010821938038505,0.022265807337785444,0.022271328707935897
20260902,0.98,98,1.0,0.40596450166884374,-0.1727673362319948,0.02438584063690489,0.027450936036977756,0.027461284765896748
20260902,0.98,98,2.0,0.18755124572353962,-0.07217876338643525,0.01938399333260897,0.03204385447246448,0.03206031860551132
20260902,0.98,98,5.0,0.05294207200905949,-0.014041569003357957,0.011944483801126506,0.03706134110193776,0.03708682002514148
20260902,0.98,98,10.0,0.017204886546289794,-0.001160622632707664,0.007309365509171386,0.039693129167059076,0.03972443531082144
20260902,0.98,98,25.0,0.0033267788916850178,0.0017442480548522932,0.0033854054142457937,0.04171536764842356,0.04175171104337308
20260902,0.98,98,50.0,0.0008924558619437042,0.0013475397587632276,0.0017878273477947885,0.04249247319403035,0.04253088764618363
20260902,0.98,98,100.0,0.00023150724896275982,0.0008058468907705674,0.0009198892752118093,0.04290435138601239,0.04294389479575281
20260902,1.02,102,0.0,180.70187645537646,-90.23774800220086,-0.9290552995362309,-0.04814757184400535,-0.048203476639077335
20260902,1.02,102,0.1,2.16586125710782,-0.9987512319219474,0.027489762992459716,0.013683079290613237,0.013684360389117228
20260902,1.02,102,0.25,1.2491460651209096,-0.5590279235170057,0.03809612521343827,0.02484053258096287,0.024848200080466863
20260902,1.02,102,0.5,0.7605855266243725,-0.33063762653395323,0.03559103858039705,0.029631488978322292,0.029644506147116417
20260902,1.02,102,1.0,0.41277647879129403,-0.17083916368380492,0.029210397480608052,0.032963621115056026,0.032981544863919625
20260902,1.02,102,2.0,0.19299146199341696,-0.07220345256507654,0.021824857687311922,0.03600548849627147,0.03602884988418385
20260902,1.02,102,5.0,0.05503832187504694,-0.014085402254140567,0.012883306328867335,0.03973573378111341,0.03976714092027721
20260902,1.02,102,10.0,0.01798304191636356,-0.0010657702363801036,0.007774504673320884,0.04186819445284453,0.04190493910429939
20260902,1.02,102,25.0,0.0034931683910555036,0.0018527542684959597,0.0035739743693927874,0.043577937985243245,0.04361937506380652
20260902,1.02,102,50.0,0.0009388721161426036,0.0014205283730380769,0.001883230184178247,0.04424947242793477,0.04429285673200777
20260902,1.02,102,100.0,0.00024380210508285406,0.0008479898921760487,0.0009679719665042651,0.044608380820392216,0.04465283044828256
20260902,1.05,105,0.0,27.64099317210726,-13.334240494465362,-0.21498519252535653,-0.028616105163761694,-0.02862782896375417
20260902,1.05,105,0.1,2.2231971034330806,-0.990324766709058,0.04458395444026403,0.021836142558945032,0.021841350344713795
20260902,1.05,105,0.25,1.2518930948897729,-0.5410514162873705,0.04394639881825236,0.028645660475716095,0.02865742065393536
20260902,1.05,105,0.5,0.7661582304238802,-0.3225147878354897,0.0380073083605031,0.03157502642265217,0.03159077807284999
20260902,1.05,105,1.0,0.42207565172756606,-0.16956643806384597,0.030577608235601093,0.03417124729067502,0.034191215220324304
20260902,1.05,105,2.0,0.19996778481116878,-0.07255993351814749,0.02288214898221141,0.037132034571693624,0.037157659675111525
20260902,1.05,105,5.0,0.05752903107635202,-0.014035348994299257,0.013599662535186042,0.04108808270821226,0.04112280976290135
20260902,1.05,105,10.0,0.018839412996188774,-0.0008451860531031308,0.008234807351229303,0.04340328359901453,0.043444223982092224
20260902,1.05,105,25.0,0.0036631278913013825,0.002025240866822986,0.003794766653842693,0.04527401296572506,0.04532048431122138
20260902,1.05,105,50.0,0.0009848132393163614,0.001525605923571316,0.0020013839083868044,0.04601171879581021,0.04606050147198211
20260902,1.05,105,100.0,0.0002557634149356436,0.0009058183055554725,0.0010291944381163008,0.0464066382658438,0.046456689234742915
20260902,1.1,110,0.0,15.33521418835068,-7.291094667142136,-0.021770072109227264,-0.0039199881568725845,-0.00392001827509071
20260902,1.1,110,0.1,2.283983618570526,-1.0125777331291195,0.06803085706901274,0.03204824863763286,0.0320647195482573
20260902,1.1,110,0.25,1.2960081944263289,-0.5580577027335587,0.05861510747380288,0.03666779547824736,0.03669247078816156
20260902,1.1,110,0.5,0.7934238691830539,-0.3319871379657473,0.04810401603203391,0.038447019975190184,0.038475467196581646
20260902,1.1,110,1.0,0.43533651684952057,-0.17290638727279406,0.03695703570506346,0.03991819452938292,0.039950036656986355
20260902,1.1,110,2.0,0.2052352680159949,-0.0729723780821101,0.026449250110026266,0.041677864360429355,0.04171410973712119
20260902,1.1,110,5.0,0.058832437747146214,-0.013605512175439927,0.01503159596686736,0.04427493771633788,0.04431839703930342
20260902,1.1,110,10.0,0.0192587843992934,-0.00046957158228400075,0.00892912427207174,0.0459414016812555,0.04598996080767521
20260902,1.1,110,25.0,0.0037474418574591833,0.0022338084586458473,0.004065865153062904,0.04737439666080136,0.047427648285148574
20260902,1.1,110,50.0,0.001008083062502988,0.0016433222650676926,0.002136109162762877,0.04796178296801778,0.048017042349601545
20260902,1.1,110,100.0,0.00026191180732131183,0.0009686076068293747,0.001096427400673125,0.048281542499552965,0.04833791580709656
20260902,1.25,125,0.0,8.086147124057634,-3.8181239859578495,0.10379348259823841,0.026121664862102007,0.026130581371801014
20260902,1.25,125,0.1,2.275416871107837,-1.0248711872249379,0.07804972957067784,0.03715458907741148,0.03718026093661408
20260902,1.25,125,0.25,1.3066499775496245,-0.5761355140465363,0.06236971221587238,0.038987360658600055,0.03901702515341612
20260902,1.25,125,0.5,0.806588310766477,-0.3467117106822355,0.049686760556019435,0.039434832801146645,0.03946553128363622
20260902,1.25,125,1.0,0.4479667676299471,-0.18356226931936703,0.03762103656834019,0.04004300100311038,0.040075142975010865
20260902,1.25,125,2.0,0.2137137019439653,-0.07907443090349253,0.026882484749036557,0.0414274011475187,0.04146299643668542
20260902,1.25,125,5.0,0.06196921168970926,-0.015430223098736429,0.015442309221687826,0.04415498529924858,0.04419809200667482
20260902,1.25,125,10.0,0.020407137462825957,-0.0009261274407221798,0.00926885934855979,0.046126029987212935,0.046175177542424534
20260902,1.25,125,25.0,0.003991708614157584,0.002265796388700392,0.004263836731217749,0.047907588511951676,0.047962660568916335
20260902,1.25,125,50.0,0.0010762498305591584,0.0017114050360562683,0.002250118038037538,0.04865615321820885,0.04871385048919117
20260902,1.25,125,100.0,0.000279984756814103,0.0010178924525429123,0.0011578201500013789,0.049067578903212124,0.04912675399960175
20260902,1.5,150,0.0,3.3621307396934292,-1.662010870748583,0.008161866523765323,0.003153669981831853,0.003153685664573091
20260902,1.5,150,0.1,1.90377750696535,-0.9166767748060967,0.026074632824384325,0.013273200665971282,0.013274370042504495
20260902,1.5,150,0.25,1.2479742524552895,-0.5896068220257542,0.029507439725207658,0.018468848584049576,0.01847199923714008
20260902,1.5,150,0.5,0.8141515906759013,-0.37764277847501426,0.027934263112010017,0.021598368652424232,0.021603408122041576
20260902,1.5,150,1.0,0.47135836989334895,-0.21263994321644208,0.023580042241761738,0.02393527957938492,0.023942138758946765
20260902,1.5,150,2.0,0.23449620981746552,-0.10015015031777486,0.018083588660147167,0.02600993131268146,0.026018733853429718
20260902,1.5,150,5.0,0.0717542114890192,-0.025323539401693962,0.011059852743235272,0.028735909183884464,0.028747780910809862
20260902,1.5,150,10.0,0.024393540105428,-0.00554826608786585,0.0068470528702188355,0.03049533062603935,0.03050952032171872
20260902,1.5,150,25.0,0.00489949391300052,0.0007348033397386322,0.0032268044829332067,0.03205193833664571,0.032068414939713935
20260902,1.5,150,50.0,0.001335270915309841,0.001040243774945937,0.001719241792566354,0.03270559449590307,0.032723100407374923
20260902,1.5,150,100.0,0.0003494024430497618,0.0007117627146513428,0.0008892432849055257,0.03306584198289763,0.03308393308679261
20260902,2.0,200,0.0,1.8693364645986106,-0.8615375370387008,0.05918993795853793,0.030836674572513878,0.030851346341502245
20260902,2.0,200,0.1,1.4491332009897577,-0.6530146073459591,0.0602807417774022,0.03563649035439665,0.0356591403788928
20260902,2.0,200,0.25,1.0938360446773556,-0.47999912652377974,0.05889493695270674,0.03999439346450542,0.040026418435023796
20260902,2.0,200,0.5,0.7766935359131165,-0.3290846410812902,0.05475278751455105,0.04397821568210393,0.04402080624200022
20260902,2.0,200,1.0,0.47964472217815335,-0.1917281906306083,0.04686894106079238,0.047663070400292884,0.04771730254568755
20260902,2.0,200,2.0,0.2512947010102366,-0.0900673373259,0.03614492228980198,0.05047846767841769,0.05054290232127005
20260902,2.0,200,5.0,0.0813204751713265,-0.0197352156131827,0.02166078400270783,0.05279292000068572,0.05286664351532546
20260902,2.0,200,10.0,0.028569305235435993,-0.0015342862780791666,0.013121989993861105,0.05374719741915499,0.05382499742910426
20260902,2.0,200,25.0,0.005907994227438248,0.0030083690898481397,0.006056740391191655,0.054390500511315124,0.054471131886690886
20260902,2.0,200,50.0,0.0016304932364018302,0.0023564713943334814,0.003199041589994745,0.05462210263195783,0.054703769968112555
20260902,2.0,200,100.0,0.00042967520403344863,0.001424911803422857,0.0016468205413890202,0.05474228137924291,0.05482448976468359
20260902,3.0,300,0.0,1.1683153793334413,-0.5076605436102881,0.06663173793433876,0.0436450461831151,0.04368667517379392
20260902,3.0,300,0.1,1.017886965594947,-0.43839567731488005,0.06303627121342338,0.044182947458427,0.04422613619281969
20260902,3.0,300,0.25,0.8509948178232319,-0.36170833639973,0.05880259769593885,0.04499775631873263,0.04504338130162639
20260902,3.0,300,0.5,0.6634761955195443,-0.2758818610337286,0.05349283557242157,0.046235837783600825,0.04628533755488289
20260902,3.0,300,1.0,0.44990391206917635,-0.1789751271663229,0.046064805260662305,0.04813756862075246,0.048193438537986244
20260902,3.0,300,2.0,0.25748818999493667,-0.0934366636965629,0.036678128622147387,0.05036080876231662,0.05042479331689023
20260902,3.0,300,5.0,0.09273833954407257,-0.024353224390992745,0.02317162980016298,0.05258701173279781,0.052659874787132764
20260902,3.0,300,10.0,0.03486364217550656,-0.0035503966596610592,0.014458761065015053,0.05328418333798255,0.05335998713146786
20260902,3.0,300,25.0,0.007676569000501253,0.002831485744111628,0.006819974084204798,0.053396219465529006,0.053472503109296105
20260902,3.0,300,50.0,0.002178361195760402,0.002496929543838289,0.0036305142510131496,0.05330364111554076,0.05337952810148403
20260902,3.0,300,100.0,0.000583208960425195,0.0015730670197892094,0.0018764577804013627,0.053217783549664034,0.053293303907130544
20260902,5.0,500,0.0,0.5897074388762297,-0.1839498943568867,0.10683979650296656,0.09952831775864997,0.10002496873223388
20260902,5.0,500,0.1,0.5539048961163514,-0.16919128351645152,0.1041573499878222,0.100073594458047,0.10057849469592664
20260902,5.0,500,0.25,0.5068671710805737,-0.1499836697686585,0.10042671034963956,0.10080565418058175,0.10132177348261814
20260902,5.0,500,0.5,0.4423452383698538,-0.12402448696988477,0.09487134667566087,0.10184267073142508,0.10237496754243486
20260902,5.0,500,1.0,0.348532872864464,-0.08728625084263397,0.08566566276707197,0.10343306925850604,0.1039908328176893
20260902,5.0,500,2.0,0.23687126612629703,-0.04581394758619983,0.07220864158489354,0.10550050793087173,0.106092584223993
20260902,5.0,500,5.0,0.10650126030200532,-0.003497899910669622,0.04991375104811285,0.1083302517142128,0.10897155350829558
20260902,5.0,500,10.0,0.045995787956257764,0.010227288347555041,0.033393980151072415,0.10998884224666947,0.11066023760953454
20260902,5.0,500,25.0,0.011506132142183696,0.011125497310896404,0.016939568975113093,0.11129033731309866,0.11198600157372435
20260902,5.0,500,50.0,0.003457090642527316,0.007587152517527729,0.009334653388325375,0.11177660065597862,0.11248148156409098
20260902,5.0,500,100.0,0.000956516973971352,0.004440812307784814,0.004923512798145403,0.1120256163474189,0.1127352487603299
20260902,7.0,700,0.0,0.3794772124809381,-0.08130740962130578,0.10288138870844325,0.11718026994677092,0.11799316489844835
20260902,7.0,700,0.1,0.3648013295913008,-0.07616131965981832,0.10098131893493556,0.11726544013787639,0.11808012124481072
20260902,7.0,700,0.25,0.3445483291419029,-0.06913077964574454,0.09828140826642846,0.11737788845318198,0.11819493182810646
20260902,7.0,700,0.5,0.31480153937916655,-0.05896814483884549,0.09413762873058654,0.11753107943079626,0.11835134839737521
20260902,7.0,700,1.0,0.26688999766134935,-0.04307418155937004,0.0869487146737803,0.11774198561159607,0.1185667094414523
20260902,7.0,700,2.0,0.20094897848459595,-0.022433648291928288,0.07572614111864928,0.11793547630610225,0.11876430145034152
20260902,7.0,700,5.0,0.10641496912707894,0.0030507537457699074,0.05528806892677423,0.1178796480087222,0.1187072883846949
20260902,7.0,700,10.0,0.051944585853053934,0.013011992383946014,0.03860964485620833,0.11746118287196725,0.11827997903349609
20260902,7.0,700,25.0,0.014787779981056556,0.013211580354377528,0.020524893760474956,0.1166441488065687,0.11744586096253996
20260902,7.0,700,50.0,0.004737665534113346,0.009236890793263841,0.011581868652123265,0.1161025402124015,0.1168930607971705
20260902,7.0,700,100.0,0.0013629851143780998,0.005524212459984468,0.0061980904497285745,0.11573224083085222,0.11651517057520153
20260902,10.0,1000,0.0,0.24670266699059915,-0.023512369874295613,0.09675068717762551,0.1351242063335358,0.13637494627450322
20260902,10.0,1000,0.1,0.24070376823887546,-0.021794009127912517,0.0955581221216281,0.13509602560642786,0.1363459759088282
20260902,10.0,1000,0.25,0.2321537463026136,-0.019371858512240436,0.09383108740228142,0.13505267425239514,0.13630141048539438
20260902,10.0,1000,0.5,0.21898839857592886,-0.01570766858753747,0.09110546292150737,0.13497818854578575,0.13622484064291263
20260902,10.0,1000,1.0,0.19610423070484403,-0.009545855658299907,0.08615734630092484,0.1348242566997241,0.13606660918265573
20260902,10.0,1000,2.0,0.16062292607256215,-0.0006076206198910583,0.07785960885866722,0.13451351657329028,0.13574722004229264
20260902,10.0,1000,5.0,0.09899088358970753,0.012376581648712137,0.06085609791389288,0.13368440570350115,0.1348952313508
20260902,10.0,1000,10.0,0.054779895636672835,0.01811847467597172,0.045020322649261854,0.13270369582887234,0.13388783272915997
20260902,10.0,1000,25.0,0.017986969088185614,0.016713324770728955,0.025578587515314603,0.1312591674646013,0.13240472150516983
20260902,10.0,1000,50.0,0.006212213140400538,0.01188446034838142,0.014950890511946065,0.13036561744943564,0.1314877353323528
20260902,10.0,1000,100.0,0.0018737658586027192,0.007255899504439056,0.008180452350556132,0.12975852383729608,0.1308649048811866
20260903,0.5,50,0.0,2.5586871475871025,-1.3306572803281007,-0.04929834744034849,-0.021750114016262253,-0.021755260477895052
20260903,0.5,50,0.1,1.4602397819719783,-0.749129923053548,-0.00885727232702772,-0.005168889538518719,-0.005168958589596314
20260903,0.5,50,0.25,0.943583905810475,-0.47486943260137493,0.005711349652897793,0.004132026628341696,0.004132061903169343
20260903,0.5,50,0.5,0.5858985590700314,-0.28693663107379463,0.012282655625191867,0.011230609347518426,0.011231317653730942
20260903,0.5,50,1.0,0.31224186577027807,-0.1459555520647029,0.013975884724011267,0.017421701828817648,0.01742434631078016
20260903,0.5,50,2.0,0.1410011350637997,-0.06052167437907641,0.011941368446025368,0.02205379261988002,0.02205915772603862
20260903,0.5,50,5.0,0.03834481449431464,-0.012495322638938378,0.0072857650296505126,0.025696793482483618,0.02570528180659294
20260903,0.5,50,10.0,0.012162004935090868,-0.00195223247160059,0.0043333333746149285,0.027090899562878943,0.02710084627194501
20260903,0.5,50,25.0,0.0023007826645085787,0.0007571662668295343,0.0019478595245027734,0.027966131379226027,0.027977074017019314
20260903,0.5,50,50.0,0.000611478338777947,0.0006985766307776586,0.0010152222268608394,0.028262718194062997,0.02827401282550678
20260903,0.5,50,100.0,0.00015779913852095686,0.0004367889586182061,0.0005185502341086207,0.028411651493902172,0.02842312569526741
20260903,0.75,75,0.0,8.30415358095816,-4.1585899074464905,-0.04661599194877924,-0.011326437335620734,-0.01132716392956277
20260903,0.75,75,0.1,2.3513013900845663,-1.1656037969965891,0.012419132810490676,0.005732414924465951,0.0057325091120293435
20260903,0.75,75,0.25,1.3497066483946096,-0.654678852118461,0.027334620665206623,0.01661013547920201,0.01661242729339814
20260903,0.75,75,0.5,0.7938522895594091,-0.3724352006876215,0.031108463757190327,0.024593728219440756,0.024601169371510027
20260903,0.75,75,1.0,0.4109547228242634,-0.18112490771076972,0.02865362362110054,0.03142397114559909,0.03143949769645852
20260903,0.75,75,2.0,0.18382240280268783,-0.07172935891886367,0.02233385272076563,0.036577163482776204,0.036601656152167976
20260903,0.75,75,5.0,0.05030843209307415,-0.012740324896742372,0.013038538144591133,0.040808446667713306,0.04084246891866251
20260903,0.75,75,10.0,0.01611825985529966,-0.000573025564474472,0.007688806373744123,0.042532429991343844,0.04257095301012651
20260903,0.75,75,25.0,0.003082983209060847,0.0018701712214040933,0.003450673502031416,0.04366993310817366,0.043711633419584776
20260903,0.75,75,50.0,0.0008234745453339013,0.0013769388405208138,0.0017991780150204443,0.04406869408026419,0.044111548308376526
20260903,0.75,75,100.0,0.0002131091501766528,0.0008100323394727438,0.0009193523011684152,0.044271982296206776,0.04431543290828005
20260903,0.9,90,0.0,21.923549695345883,-11.200194623438698,-0.3414022892658062,-0.051169646623410704,-0.05123676804227542
20260903,0.9,90,0.1,2.8502142318328034,-1.4178564519807986,-0.010640211806468607,-0.004434500989798886,-0.0044345445922273396
20260903,0.9,90,0.25,1.5221775033743534,-0.7381223465624176,0.02031948669620747,0.011549782394414662,0.011550552827390505
20260903,0.9,90,0.5,0.8649387177894922,-0.4055178198634968,0.02868779020696302,0.02159243810875173,0.021597473427283867
20260903,0.9,90,1.0,0.4395834528385176,-0.1937554702934816,0.02805048560686491,0.02961856008243929,0.029631560212127126
20260903,0.9,90,2.0,0.19573131011896036,-0.07649688975611801,0.02248605323130556,0.035641623935205785,0.0356642837558213
20260903,0.9,90,5.0,0.05397786425132697,-0.01381710868240793,0.013484766907173807,0.04081950635160447,0.040853556294718776
20260903,0.9,90,10.0,0.01744974216865218,-0.0007474723508145154,0.0080741227031212,0.043061236555986496,0.043101215745319575
20260903,0.9,90,25.0,0.0033683620680889786,0.001967382494111214,0.003669420721282853,0.04460381510645391,0.04464825107374543
20260903,0.9,90,50.0,0.000903336682354617,0.001466450391243046,0.001922888731172555,0.04515908183097962,0.04520519980203815
20260903,0.9,90,100.0,0.00023430404939251068,0.0008668114802805604,0.0009852373632388187,0.04544538821273696,0.045492389829913285
20260903,0.95,95,0.0,35.155595500837244,-17.94357160230957,-0.4753505044626683,-0.055786943019394394,-0.055873955759992745
20260903,0.95,95,0.1,2.8303572232005414,-1.3575925148233052,0.030771776690992746,0.012850097265700185,0.012851158333262397
20260903,0.95,95,0.25,1.506491931958471,-0.7002640544881338,0.0499829056946112,0.028448114943524172,0.028459633397428345
20260903,0.95,95,0.5,0.8641808459728263,-0.3838715220007105,0.051775978437615264,0.03877243462724348,0.038801610860068225
20260903,0.95,95,1.0,0.4464092268695443,-0.1812093321794832,0.04560125398500076,0.04752569159155135,0.047579455620492234
20260903,0.95,95,2.0,0.202586672002607,-0.06796922215265733,0.03522307919707667,0.05466611989776433,0.05474798512430664
20260903,0.95,95,5.0,0.05705996941130611,-0.008140193868281687,0.020887803795046102,0.06138317198967708,0.06149914245275551
20260903,0.95,95,10.0,0.018636140257626155,0.003038914578582297,0.012504232025022575,0.06447042795937155,0.06460483068853207
20260903,0.95,95,25.0,0.003624134118497571,0.0038510316400812705,0.005689220917966935,0.06665112791360693,0.06679966757926453
20260903,0.95,95,50.0,0.0009746081563191234,0.0024890300350070005,0.0029832040300374354,0.06744596377085957,0.06759989356473085
20260903,0.95,95,100.0,0.0002531542910682789,0.0014006746570388584,0.001529076087476656,0.06785764709314271,0.06801441941961074
20260903,0.98,98,0.0,69.35330643725338,-36.65580272495176,-0.8351080109724697,-0.06741902949061522,-0.06757277452373689
20260903,0.98,98,0.1,2.834130111730965,-1.3526036380222646,0.0465118212066503,0.01935717393100088,0.019360801518779305
20260903,0.98,98,0.25,1.5285503545135923,-0.7054906296281285,0.0595185354343935,0.03361061110996721,0.03362961171279057
20260903,0.98,98,0.5,0.8786327489142691,-0.3855626069584015,0.05853947615684144,0.04349749364104306,0.04353870144906188
20260903,0.98,98,1.0,0.4534828877618576,-0.18013710609985645,0.05050760283512311,0.05225952708247044,0.05233103549028958
20260903,0.98,98,2.0,0.20549632216452848,-0.0660685400951797,0.03866162329288127,0.059583451348080574,0.05968950001857161
20260903,0.98,98,5.0,0.057836596211263976,-0.006664468087510311,0.022784236373253462,0.06646078698232884,0.06660805487922815
20260903,0.98,98,10.0,0.01889641645249769,0.003988798359072954,0.013598957263304708,0.0695550634412972,0.06972392685697092
20260903,0.98,98,25.0,0.0036771942523458846,0.004304221347675163,0.006172624117670566,0.07169135832361165,0.07187630582962311
20260903,0.98,98,50.0,0.000989216932995777,0.0027310301098798506,0.003233605043071603,0.07245650235114129,0.072647450849179
20260903,0.98,98,100.0,0.00025700047280477267,0.0015259396723774632,0.0016565693387346073,0.07284950249231971,0.07304358330890794
20260903,1.02,102,0.0,156.24900651598276,-81.33621240894692,-1.3214869497295336,-0.07178993178706199,-0.07197564521359782
20260903,1.02,102,0.1,2.7996731793240013,-1.359632081968305,0.04437097082126363,0.01830318562641738,0.01830625224097122
20260903,1.02,102,0.25,1.5196050152395013,-0.7138045773321298,0.0581981163660582,0.0325632254400305,0.032580503612413714
20260903,1.02,102,0.5,0.8791002047130804,-0.3927977372942679,0.057903442978903624,0.042576429864409016,0.04261507267201804
20260903,1.02,102,1.0,0.45601453734787945,-0.18483180887050876,0.050256330600805504,0.05139089457607882,0.0514588915862078
20260903,1.02,102,2.0,0.20755728590708464,-0.06861119760517331,0.03855063321264935,0.05862702264594014,0.05872803740535595
20260903,1.02,102,5.0,0.058789349566341256,-0.00756671376641016,0.02273928593495969,0.0652793597191937,0.06541889640578714
20260903,1.02,102,10.0,0.01928444898831012,0.003655131270267953,0.013580490827265422,0.06824240302597348,0.0684018635092379
20260903,1.02,102,25.0,0.003764774700826516,0.004233507863163122,0.006168664637460466,0.07029064825223778,0.07046493951623686
20260903,1.02,102,50.0,0.0010140361740749785,0.002711560018023418,0.003232649406432336,0.07102727070830936,0.07120711324386658
20260903,1.02,102,100.0,0.00026362167307245136,0.0015208962736869003,0.0016564120492636243,0.07140663574743666,0.0715893828228685
20260903,1.05,105,0.0,34.41995807792236,-18.17624660329146,-0.3559214987230986,-0.04031210759199512,-0.04034490248590426
20260903,1.05,105,0.1,2.8138609161539527,-1.3383664422305706,0.05231284713582825,0.02173255938077322,0.021737693388308728
20260903,1.05,105,0.25,1.537361646558441,-0.7038339059636374,0.06670232057792021,0.03749514593130829,0.037521530704831274
20260903,1.05,105,0.5,0.8906225091110003,-0.3867541317919059,0.06499293829875848,0.0479321973652735,0.04798735443076193
20260903,1.05,105,1.0,0.461907763462444,-0.18106989655516026,0.055289652291127304,0.05660523493093883,0.0566961393490343
20260903,1.05,105,2.0,0.2099115905807217,-0.06622784269052118,0.04165431056490975,0.06334403364178458,0.06347150027158628
20260903,1.05,105,5.0,0.059293518133014554,-0.006380996813238893,0.024119105324262556,0.06920239240021021,0.06936869407871797
20260903,1.05,105,10.0,0.019419192936241853,0.00429202966426645,0.014274270802361044,0.07169254147390984,0.07187749816049784
20260903,1.05,105,25.0,0.003786596460468216,0.004495861082914554,0.00644085275770024,0.0733651830751886,0.07356342592734055
20260903,1.05,105,50.0,0.0010194664901659138,0.0028433607108019343,0.0033669631958344413,0.07395627585560657,0.07415936238944225
20260903,1.05,105,100.0,0.0002649730306164427,0.0015868598357652308,0.001723012468347532,0.07425844569441221,0.074464038660491
20260903,1.1,110,0.0,19.69713856678117,-10.176308460349091,-0.10665182695553471,-0.016634083519780293,-0.01663638526247577
20260903,1.1,110,0.1,2.852074799569071,-1.340363647209569,0.07858468423329501,0.03202758515877003,0.03204402421416186
20260903,1.1,110,0.25,1.5929606638082745,-0.7206258484347947,0.08037677394115138,0.0439211752087739,0.0439636001017225
20260903,1.1,110,0.5,0.9257065836955991,-0.39728165628872913,0.07271931699443468,0.0521649685718243,0.05223608899110448
20260903,1.1,110,1.0,0.47691080348673964,-0.18451260012282633,0.059640110983280585,0.0596583629247689,0.05976481280442629
20260903,1.1,110,2.0,0.21434142795494907,-0.06610976452094852,0.04416947873259687,0.06601759288897824,0.06616192783698208
20260903,1.1,110,5.0,0.05995151398032843,-0.0055534823722696025,0.025343758772792765,0.07183040556480604,0.07201643408826518
20260903,1.1,110,10.0,0.01960019770665748,0.0048665689853882865,0.014963144270768823,0.07430378697541261,0.07450975781484175
20260903,1.1,110,25.0,0.003825545503976512,0.004775991548587544,0.006745179528223866,0.07592851829100616,0.07614833848437326
20260903,1.1,110,50.0,0.0010309696439762405,0.002994815079216062,0.003525443786832457,0.07648956844750153,0.07671431210568364
20260903,1.1,110,100.0,0.0002681435949870876,0.0016659589051560841,0.0018040312111543106,0.07677280694788191,0.07700006395772852
20260903,1.25,125,0.0,7.446421009337453,-3.7055499285818048,0.037824483474453725,0.0095491990960671,0.009549634508225366
20260903,1.25,125,0.1,2.833246543787005,-1.3192649037808866,0.09325039458330102,0.03888360703180973,0.03891303514723639
20260903,1.25,125,0.25,1.6642229188808615,-0.7387762844827843,0.09400419330291211,0.05113417399616291,0.05120115573613355
20260903,1.25,125,0.5,0.9715849556347591,-0.4044902975239586,0.08552564484556911,0.06066705486479133,0.06077900627819439
20260903,1.25,125,1.0,0.49787719796506347,-0.18289211153536278,0.07049808205098684,0.06957882114585577,0.06974785807600967
20260903,1.25,125,2.0,0.22313246333348713,-0.062100156414238494,0.052250958394367546,0.07685337566468868,0.07708135103359118
20260903,1.25,125,5.0,0.06256620476747397,-0.0022796736290608965,0.029915989641048732,0.08308125516162539,0.08336948210914513
20260903,1.25,125,10.0,0.02053595755362524,0.007066410859741912,0.017640462807651674,0.08558030400455041,0.08589543063107359
20260903,1.25,125,25.0,0.004026630216713166,0.005874303884704002,0.007947528556802702,0.08715735384709809,0.08749029315873741
20260903,1.25,125,50.0,0.001087545590828711,0.0035935455861756394,0.004153573295954604,0.08768660556447316,0.08802567067016535
20260903,1.25,125,100.0,0.00028321831301367424,0.001979532202251777,0.0021254655609223034,0.08795016746672756,0.08829231114474416
20260903,1.5,150,0.0,4.140264815280909,-1.8920231807152432,0.13371140855494426,0.047294161676530534,0.04734714288980885
20260903,1.5,150,0.1,2.4044391345984715,-1.0465801182415215,0.10820742054143344,0.05064812080059399,0.05071320814417666
20260903,1.5,150,0.25,1.5526910568463121,-0.6505211408919989,0.09463945744539498,0.05515837855342546,0.055242478718942174
20260903,1.5,150,0.5,0.9694131631399265,-0.385007687049149,0.08156155905335256,0.060153276442956594,0.06026240248906794
20260903,1.5,150,1.0,0.5261907146212674,-0.18823159156511915,0.065998507948164,0.06608656339439938,0.06623135218134837
20260903,1.5,150,2.0,0.24613583671464437,-0.07020927956427392,0.04910859264503809,0.07194268664624365,0.07212959117436951
20260903,1.5,150,5.0,0.07166572929948968,-0.006241120811177003,0.028585699315984137,0.07766309686154799,0.07789837640732931
20260903,1.5,150,10.0,0.02398028644423869,0.005382632839792789,0.01704324131774235,0.08007365640074994,0.08033160525384103
20260903,1.5,150,25.0,0.004780350526966052,0.005424767496740812,0.007749734738245852,0.08156860057860303,0.08184131797285216
20260903,1.5,150,50.0,0.0013003060387308744,0.0034328184026976016,0.004065386547989222,0.08205058930710916,0.08232818630426772
20260903,1.5,150,100.0,0.0003399757654265066,0.0019190830510847912,0.0020845743068746473,0.08228388390928137,0.08256386362217269
20260903,2.0,200,0.0,2.103720946766456,-0.919965194053046,0.09687296622938515,0.0480171475364792,0.048072598726112685
20260903,2.0,200,0.1,1.640737582543756,-0.6999015258469066,0.0955038647194467,0.05360901407721282,0.05368621469895856
20260903,2.0,200,0.25,1.2402064556419528,-0.5124787621346489,0.09132430928331738,0.05896122151387092,0.05906397665827524
20260903,2.0,200,0.5,0.8752697730075274,-0.34486248738380754,0.08367531790253707,0.06429431754610987,0.06442761958321087
20260903,2.0,200,1.0,0.5327871667211006,-0.19185376288564648,0.07095477591174724,0.06983299781615113,0.07000389859799691
20260903,2.0,200,2.0,0.2751734359620349,-0.08228549291007248,0.05452940309018437,0.07456211290520928,0.07477024550160605
20260903,2.0,200,5.0,0.08875483746672672,-0.011741922599066035,0.032748155525979754,0.07860760030201827,0.07885159591745534
20260903,2.0,200,10.0,0.03138884373675853,0.004112827790327733,0.019901143349148942,0.080157400811549,0.08041616245230247
20260903,2.0,200,25.0,0.006551382594579816,0.005910015268277502,0.009212077626597875,0.08107051246708402,0.08133824799940106
20260903,2.0,200,50.0,0.0018160896828659037,0.003954697048140443,0.004870780163393721,0.08135643524000524,0.0816270230385223
20260903,2.0,200,100.0,0.00047979487729017916,0.0022665102429574313,0.002508720497787492,0.08149322524094318,0.08176518477895865
20260903,3.0,300,0.0,1.265203129719877,-0.4937268663304861,0.13070661401529013,0.08283065485626487,0.08311627253885548
20260903,3.0,300,0.1,1.1021240073895036,-0.4202396502323509,0.12462046207651443,0.08450746734268137,0.08481084881262382
20260903,3.0,300,0.25,0.9213027996403975,-0.33970095358591323,0.11675690620536824,0.08644273489397472,0.086767521248903
20260903,3.0,300,0.5,0.7185701825857058,-0.2509523135921172,0.10610795826752045,0.08872436565452001,0.08907566075280367
20260903,3.0,300,1.0,0.4886344411943764,-0.15326656255852322,0.09055758570615828,0.0914655008795619,0.09185051567615318
20260903,3.0,300,2.0,0.28204394472599487,-0.07035392220734615,0.07108147124755342,0.09402859472233836,0.09444704262719927
20260903,3.0,300,5.0,0.10371035928084549,-0.007969075380314328,0.04435436203076599,0.09610396258246519,0.09655086741211136
20260903,3.0,300,10.0,0.03968424234129445,0.007604715377813376,0.027693647635335245,0.09658552181353361,0.09703921027918509
20260903,3.0,300,25.0,0.008901113872102843,0.00863856117227968,0.013157234536771898,0.0965053063784214,0.09695786009894959
20260903,3.0,300,50.0,0.002548086054154655,0.005744466531306225,0.007039753048716842,0.09633573615616599,0.09678589737365949
20260903,3.0,300,100.0,0.000685712621110272,0.003301826289749954,0.003650797883813156,0.096208366315754,0.09665673603959826
20260903,5.0,500,0.0,0.5937383633282852,-0.19689094059040535,0.10744676967696924,0.09982138236064841,0.10032245564033783
20260903,5.0,500,0.1,0.560017795689194,-0.18216469236350719,0.10484029934044795,0.10033090817626902,0.10083973296468612
20260903,5.0,500,0.25,0.5155714614080658,-0.16295873019714446,0.10120023639925149,0.10099130725775438,0.10151029813475872
20260903,5.0,500,0.5,0.4542263519187288,-0.13688441863060397,0.09574561067231568,0.10187364440252356,0.10240642957316971
20260903,5.0,500,1.0,0.3638813403368904,-0.09959917204357827,0.08661555068241625,0.10308004662945676,0.10363208814410564
20260903,5.0,500,2.0,0.25363598910783075,-0.056551022230369785,0.07308198717794469,0.10430148264339051,0.10487349142131573
20260903,5.0,500,5.0,0.11894076348235273,-0.010305098907468002,0.05035016024310657,0.10503164111690978,0.10561581480536751
20260903,5.0,500,10.0,0.05295311399494208,0.00651976927527409,0.033481063616290795,0.1046558705757566,0.10523376219448949
20260903,5.0,500,25.0,0.013647550862463269,0.00990615131630157,0.01684579265310455,0.10363562308116962,0.10419668770463351
20260903,5.0,500,50.0,0.004157708348839485,0.007131605737733748,0.00924503598064177,0.10298307096760646,0.1035335475671374
20260903,5.0,500,100.0,0.0011597438585525277,0.004275051951151743,0.004864656172757769,0.10256015487600639,0.10310384163947126
20260903,7.0,700,0.0,0.3758585010126947,-0.08306359295184107,0.11002766396123488,0.1284715184304003,0.1295450323417025
20260903,7.0,700,0.1,0.36288397582254706,-0.07834289692798957,0.10803593633145203,0.12840437038455663,0.12947618782030956
20260903,7.0,700,0.25,0.34483704368997914,-0.07184633285164876,0.10519760645770444,0.12829304162295146,0.12936205035935108
20260903,7.0,700,0.5,0.3180169780239695,-0.06235235154563523,0.10082342304442053,0.1280859441800525,0.12914974130557322
20260903,7.0,700,1.0,0.273970884288574,-0.047229574560120335,0.09318689720151013,0.12762321740339455,0.12867543202035767
20260903,7.0,700,2.0,0.21141089141983438,-0.026977884645566386,0.08116197432464853,0.12664231938246662,0.127670263180596
20260903,7.0,700,5.0,0.11688582891098398,-0.0004854062986447971,0.059058659567396046,0.12408036191324652,0.1250467012836306
20260903,7.0,700,10.0,0.0589935648396578,0.011054191265673197,0.040996571314106785,0.12131426819970796,0.12221694436904756
20260903,7.0,700,25.0,0.01738130117692827,0.012805897686488099,0.02159225498659568,0.11774753742143827,0.11857237873897447
20260903,7.0,700,50.0,0.005660056037972676,0.009263298769428996,0.012119232222025876,0.11581339239968945,0.1165979814671703
20260903,7.0,700,100.0,0.0016440725925259247,0.005635110979589797,0.006464002387550933,0.11460757026402013,0.1153677463501385
20260903,10.0,1000,0.0,0.2470728726224044,0.014586729372604412,0.13772950310507576,0.19232507667041082,0.19598384583272255
20260903,10.0,1000,0.1,0.2417421638715077,0.015732657724424448,0.13622328068634298,0.19231087647817452,0.19596881976089245
20260903,10.0,1000,0.25,0.2340964459147869,0.0173450270790918,0.13403135807728755,0.19228662253752166,0.1959431555127926
20260903,10.0,1000,0.5,0.22221129201001452,0.019774824074274555,0.13054656391275232,0.19223940450722754,0.1958931929387621
20260903,10.0,1000,1.0,0.20121970709819262,0.02381885963836372,0.12414158866658935,0.19212539477905557,0.19577256222837147
20260903,10.0,1000,2.0,0.16780068999625872,0.029498783851052868,0.11317936083215249,0.19185070218610153,0.1954819509762539
20260903,10.0,1000,5.0,0.10702099992249507,0.036518302450493256,0.08990884929601463,0.19094900898839695,0.19452833874803505
20260903,10.0,1000,10.0,0.06100339075014702,0.036941943402637234,0.06738098661161333,0.18968242202504684,0.19318968485684584
20260903,10.0,1000,25.0,0.020745396212229882,0.02845794810283986,0.038809332502902034,0.1875466254596318,0.19093462645083634
20260903,10.0,1000,50.0,0.0073055024514950065,0.019193815236790424,0.022839092334731866,0.1861075217883345,0.18941674908419096
20260903,10.0,1000,100.0,0.002231793721563813,0.01143553334882752,0.012549499523032612,0.1850919605355872,0.1883463587154328
20260904,0.5,50,0.0,2.2598029938965887,-1.1618391474191139,-0.003440336380592381,-0.00155256265792794,-0.001552564529119278
20260904,0.5,50,0.1,1.3364257675277715,-0.685991283389761,0.000914986545507821,0.0005338453213962729,0.000533845397466799
20260904,0.5,50,0.25,0.8183095117062317,-0.4174910929447615,0.0030673617126799496,0.0022792503032579964,0.0022792562236131505
20260904,0.5,50,0.5,0.4813431009838323,-0.24225284152224957,0.004515953546968335,0.004373304450273388,0.004373346272328529
20260904,0.5,50,1.0,0.24573918459104424,-0.11993405160512194,0.005391407887573798,0.00733043804217266,0.007330635001834359
20260904,0.5,50,2.0,0.1079780558170079,-0.04953233621114661,0.005184064711696685,0.010694147517550571,0.010694759086981141
20260904,0.5,50,5.0,0.028652539100363195,-0.010879220736219608,0.0035639050861243004,0.014375349693050517,0.014376835261185739
20260904,0.5,50,10.0,0.008963637464665488,-0.0022992407304440743,0.002226574124423862,0.016115217298895607,0.01611731026937127
20260904,0.5,50,25.0,0.0016763183772174248,0.0001738409760755344,0.0010327616935052195,0.017329700209699327,0.01733230301083332
20260904,0.5,50,50.0,0.00044345030215671644,0.0003104066804890948,0.0005440487153648494,0.017766350184439412,0.017769154762193585
20260904,0.5,50,100.0,0.00011415078162801413,0.00021583318079210212,0.0002793798906080918,0.017990917212771063,0.017993829507756257
20260904,0.75,75,0.0,4.190804212437268,-2.0932552817020498,0.049623182336876834,0.017044238602304192,0.017046714869227444
20260904,0.75,75,0.1,1.7368512715711224,-0.8915172497719512,0.004541446963457787,0.0023737095411072973,0.002373716228465184
20260904,0.75,75,0.25,0.9793136726936762,-0.5073520613944407,-0.004227610754107505,-0.0029064646808227507,-0.0029064769571344085
20260904,0.75,75,0.5,0.567294233748644,-0.29409341573782544,-0.004984781291618473,-0.004466642632708238,-0.004466687190137189
20260904,0.75,75,1.0,0.2937236339342002,-0.15077073415578912,-0.002697115006963184,-0.0033435615544802565,-0.00334358024414945
20260904,0.75,75,2.0,0.1325988033237866,-0.06636216179245102,-0.00025789699001934794,-0.000475635092285627,-0.0004756351460868002
20260904,0.75,75,5.0,0.036515330340394066,-0.017014512322687247,0.0009934124425935696,0.0035015669295139855,0.0035015883960166083
20260904,0.75,75,10.0,0.011672519237379358,-0.0048401341880106585,0.0008973168034695436,0.005607479306776224,0.005607567469152048
20260904,0.75,75,25.0,0.00222137182402535,-0.0005961584927482999,0.0004994235805582155,0.00716880565109992,0.007168989867021934
20260904,0.75,75,50.0,0.0005917112847601424,-1.653555767999748e-05,0.00027846426198117056,0.007750955774783455,0.007751188613582209
20260904,0.75,75,100.0,0.0001528806906218587,6.901723943630866e-05,0.00014703342803478115,0.00805506616703329,0.008055327502573663
20260904,0.9,90,0.0,20.737308857862807,-10.042860076670275,-0.1993223481722923,-0.03197726584309145,-0.03199362749720097
20260904,0.9,90,0.1,1.9730864447119414,-1.0368263647119562,-0.013203108487512782,-0.006400007638118492,-0.006400138714614471
20260904,0.9,90,0.25,1.0811954579618293,-0.5613800045067929,-0.005975039088664935,-0.0038929799779593255,-0.003893009477920953
20260904,0.9,90,0.5,0.6220221199449608,-0.3197976087623984,-0.003711508052780303,-0.003177688152597961,-0.0031777041963934644
20260904,0.9,90,1.0,0.319367838291125,-0.16249046809319712,-0.002249613504055426,-0.0026840835560766113,-0.002684093224606522
20260904,0.9,90,2.0,0.14308701776042207,-0.07205480231272077,-0.0011924542909658498,-0.0021278155716342485,-0.0021278203885985465
20260904,0.9,90,5.0,0.039423002403858785,-0.019705638810421533,-0.00045199290548377256,-0.001541777214435682,-0.0015417790469005102
20260904,0.9,90,10.0,0.012672091743604489,-0.006365041130680815,-0.00021814375924810846,-0.0013155111066696277,-0.0013155122449627855
20260904,0.9,90,25.0,0.0024279989610244967,-0.0012577498706394241,-8.645882762894174e-05,-0.0011934272166764083,-0.0011934280665577251
20260904,0.9,90,50.0,0.0006487989842526001,-0.000355338602546329,-4.33664207784715e-05,-0.0011588798370182468,-0.0011588806152082762
20260904,0.9,90,100.0,0.00016793192989955375,-0.00010217875339502136,-2.1757831779510183e-05,-0.0011433114816856566,-0.0011433122289325613
20260904,0.95,95,0.0,57.66267364683718,-26.626623179367257,0.010292985209151425,0.0009744876417529601,0.0009744881044527702
20260904,0.95,95,0.1,2.1788912382381636,-1.1154881709813225,-0.006503505296495558,-0.0030389453854536407,-0.00303895941816842
20260904,0.95,95,0.25,1.1651405711239853,-0.6000820606727009,-0.005994683561688419,-0.003778995976976728,-0.003779022960828633
20260904,0.95,95,0.5,0.6598883880867279,-0.34157499820079495,-0.005995011791244325,-0.004977849918134206,-0.0049779115923265695
20260904,0.95,95,1.0,0.33595982948726355,-0.17475365704326729,-0.004940279783962507,-0.005722457819383107,-0.0057225515169840304
20260904,0.95,95,2.0,0.15033961308515023,-0.07866000466776502,-0.0033339816678427184,-0.005773492996829896,-0.005773589223795681
20260904,0.95,95,5.0,0.04157638761426586,-0.022215643071517244,-0.0016261992048093802,-0.00537601082220022,-0.005376088511252074
20260904,0.95,95,10.0,0.013406273320584054,-0.007468151798724287,-0.0008753732591219874,-0.0051115669634683334,-0.005111633742586328
20260904,0.95,95,25.0,0.0025756282776275745,-0.0016244611983993185,-0.00036808077115713914,-0.0049161938776334235,-0.00491625328836245
20260904,0.95,95,50.0,0.0006889922873183451,-0.0005208106114489297,-0.00018744292202410424,-0.004845450337160206,-0.004845507219845719
20260904,0.95,95,100.0,0.00017843865800450928,-0.00017975344898757406,-9.462389830245616e-05,-0.00480913957093176,-0.004809195184361807
20260904,0.98,98,0.0,520.9683906236803,-255.29965444752992,0.28531259680620447,0.008596958598756744,0.008597276307073928
20260904,0.98,98,0.1,2.2090893847283963,-1.1272963318433775,-0.0022835834549732857,-0.0010685896951605537,-0.00106859030526378
20260904,0.98,98,0.25,1.1867726199421413,-0.6079301667862329,-0.0031495540723245714,-0.0019861848520691177,-0.001986188769761078
20260904,0.98,98,0.5,0.678567450275841,-0.3495411169034244,-0.00486797221521668,-0.0040222927810462175,-0.004022325319455137
20260904,0.98,98,1.0,0.3474330656541692,-0.1801687880129732,-0.004831536289527769,-0.005546248281686883,-0.005546333587366142
20260904,0.98,98,2.0,0.15568101758461855,-0.08145987411295508,-0.003575448400045737,-0.006122687643641469,-0.0061228024083945865
20260904,0.98,98,5.0,0.04302132096886186,-0.023151229548101337,-0.001870220669405546,-0.006106992855555555,-0.006107106739994925
20260904,0.98,98,10.0,0.013866765370077546,-0.007851415864629008,-0.0010389739094321764,-0.005990037248360109,-0.005990144714156291
20260904,0.98,98,25.0,0.0026639719808197065,-0.0017444648170079624,-0.0004468522946786061,-0.005890533910069008,-0.005890636108749323
20260904,0.98,98,50.0,0.0007126696637397042,-0.0005733799021538921,-0.0002294473127454178,-0.005853049604059937,-0.005853149864077725
20260904,0.98,98,100.0,0.00018458076340355494,-0.00020393336721458155,-0.00011632560867173648,-0.005833588740823333,-0.005833688004079023
20260904,1.02,102,0.0,163.1283029432493,-75.46514228109972,0.3057263284612792,0.016852617361639965,0.01685501103345081
20260904,1.02,102,0.1,2.1977985264876403,-1.1473348232103189,-0.03220919126658379,-0.015293828681595203,-0.015295617617835116
20260904,1.02,102,0.25,1.2238652509390167,-0.6453160273205065,-0.023636581170645304,-0.014841358514775234,-0.014842993307609733
20260904,1.02,102,0.5,0.7074475721045423,-0.3774537883759015,-0.018537497564356072,-0.0151431350754365,-0.015144871644633967
20260904,1.02,102,1.0,0.3621322559648166,-0.1959429525538574,-0.013063598276996722,-0.014801040925894349,-0.014802662430348104
20260904,1.02,102,2.0,0.16141708699822946,-0.08900330719315463,-0.008157941444779094,-0.013804887630436798,-0.013806203251178095
20260904,1.02,102,5.0,0.04431903399791506,-0.02576529882573353,-0.0038517728039836096,-0.012455400561312824,-0.012456366820499207
20260904,1.02,102,10.0,0.014251938104525819,-0.009049157697253563,-0.002065859000555123,-0.011802840141448211,-0.011803662336687126
20260904,1.02,102,25.0,0.0027353363004704893,-0.0021917991671291936,-0.0008693701493869215,-0.011358196712877838,-0.011358929436487537
20260904,1.02,102,50.0,0.0007316478189044752,-0.0007910195385001373,-0.0004431076117072789,-0.011201962646551445,-0.011202665546060394
20260904,1.02,102,100.0,0.00018949010918597054,-0.0003111438827672064,-0.0002238118278663674,-0.011122500552042334,-0.011123188598256348
20260904,1.05,105,0.0,83.1604998322879,-41.38055894747755,-0.46744040006160753,-0.03510377426362093,-0.03512542302474242
20260904,1.05,105,0.1,2.1754309481108884,-1.1275277226654392,-0.026195300410360625,-0.012553133062382343,-0.012554122247861657
20260904,1.05,105,0.25,1.2085685930709822,-0.6269848331404646,-0.01308827280723406,-0.00830631240378438,-0.00830659896490135
20260904,1.05,105,0.5,0.7022739935506388,-0.3649949222055875,-0.007982712924787456,-0.0065708488497052365,-0.006570990705963218
20260904,1.05,105,1.0,0.36178553056591234,-0.18762841147135112,-0.004239470193753094,-0.004823530747838855,-0.004823586862033813
20260904,1.05,105,2.0,0.16215625809624046,-0.08331909290849726,-0.001682875969756853,-0.0028519914836856596,-0.0028520030825996156
20260904,1.05,105,5.0,0.04485390818745166,-0.02252479124051021,-0.000180262630417217,-0.0005817532247043563,-0.0005817533231477354
20260904,1.05,105,10.0,0.014505087943018843,-0.007090118059311923,9.499733226334462e-05,0.0005402468638335176,0.0005402469426735625
20260904,1.05,105,25.0,0.0027994250085276785,-0.0012785019019183608,0.00010382907956835314,0.0013467266204673083,0.0013467278417295485
20260904,1.05,105,50.0,0.0007506487710000193,-0.00030542700357716335,6.551884522508028e-05,0.0016424636206096722,0.0016424658360403238
20260904,1.05,105,100.0,0.00019468343543848826,-6.0130597826946186e-05,3.646864172235326e-05,0.0017959508476322974,0.0017959537440046588
20260904,1.1,110,0.0,49.42010979709638,-25.218539580812624,-0.5822980896159697,-0.05582251807882549,-0.05590969764874388
20260904,1.1,110,0.1,2.2650562701164976,-1.2291366681153644,-0.061660141505358604,-0.028472392209302193,-0.02848394018947029
20260904,1.1,110,0.25,1.2440007518334664,-0.6723112602081207,-0.03254372116567876,-0.020081524315117085,-0.02008557465443268
20260904,1.1,110,0.5,0.7196233207614657,-0.3889576275917057,-0.019757589695436343,-0.015888529879117246,-0.01589053575190038
20260904,1.1,110,1.0,0.36957618478534243,-0.19987566367261023,-0.011275614300152547,-0.01258159464877788,-0.012582590578367634
20260904,1.1,110,2.0,0.16524167833183254,-0.08937456049415426,-0.0057893234560912575,-0.009649707065102887,-0.009650156371627132
20260904,1.1,110,5.0,0.04561693866713943,-0.02482714288686605,-0.0020464972354567097,-0.006509801171905644,-0.006509939110876147
20260904,1.1,110,10.0,0.014745923702918181,-0.008184514778445617,-0.0008761582040296105,-0.0049141116959225805,-0.004914171031195038
20260904,1.1,110,25.0,0.0028463221576945415,-0.0016909380909360117,-0.00029049511167787267,-0.003716635577832381,-0.0037166612477481354
20260904,1.1,110,50.0,0.0007633625887743159,-0.0005055008530296945,-0.00013196839936076716,-0.003263201791942044,-0.0032632191661599924
20260904,1.1,110,100.0,0.00019800596668682877,-0.0001583626163632612,-6.226244431128828e-05,-0.003024366368438176,-0.0030243802001580096
20260904,1.25,125,0.0,10.69651161909736,-5.392390154869882,-0.21779769805201485,-0.04730796983492456,-0.04736099751951735
20260904,1.25,125,0.1,2.3766110993570617,-1.2237103551028188,-0.045906579072855294,-0.020837511482738907,-0.02084203679984826
20260904,1.25,125,0.25,1.290798208248261,-0.6595896236824434,-0.01423648777187621,-0.008676271996481884,-0.008676598579802157
20260904,1.25,125,0.5,0.7568101702241481,-0.381537807404676,-0.0022475342727348,-0.0017811612061761197,-0.001781164031581192
20260904,1.25,125,1.0,0.39756885162822825,-0.19558344802044525,0.003220083761287503,0.0035221707379152383,0.003522192585591866
20260904,1.25,125,2.0,0.18177079953516137,-0.08553189037450548,0.004840760935850101,0.007860180869940083,0.00786042369178123
20260904,1.25,125,5.0,0.05121600949605945,-0.021307817536459828,0.003967872692887273,0.012209932945125117,0.012210843190337939
20260904,1.25,125,10.0,0.01669085045015685,-0.005573807684285059,0.0026518266944119107,0.014339569120947087,0.014341043622694742
20260904,1.25,125,25.0,0.0032379112570414324,-0.0003157818950083602,0.0012926502754071695,0.01590588190578986,0.015907894358488543
20260904,1.25,125,50.0,0.0008698292295769473,0.00025409973067980207,0.0006941011312007585,0.016491714002490884,0.01649395714046685
20260904,1.25,125,100.0,0.00022580884303983486,0.00024150810511391896,0.00036008525609038664,0.01679864635398143,0.016801017098718205
20260904,1.5,150,0.0,3.6352162723840578,-1.6788395842361044,0.11647355171186785,0.043371007592894,0.04341185662436518
20260904,1.5,150,0.1,1.9262443380753322,-0.8809401554505893,0.08367456053798014,0.042516390308094044,0.042554869720872385
20260904,1.5,150,0.25,1.2249330331777988,-0.551469329254991,0.06451087054332541,0.040802661747258814,0.040836669519428485
20260904,1.5,150,0.5,0.7798191973014394,-0.3419787241044405,0.050820056986456336,0.040009304012515276,0.040041364843375
20260904,1.5,150,1.0,0.4398426353699851,-0.1827448955509532,0.0388669859442213,0.040504546277671194,0.040537813466644305
20260904,1.5,150,2.0,0.2133126693211663,-0.07905848640836943,0.02832142224941773,0.04223094062311261,0.04226864950467276
20260904,1.5,150,5.0,0.06347088604471768,-0.015405643267861091,0.016562984725672292,0.045198247414047946,0.04524448560378348
20260904,1.5,150,10.0,0.021242528112350344,-0.0007882906718834626,0.009981730819316088,0.04706923169083753,0.04712145972806459
20260904,1.5,150,25.0,0.004209769786773106,0.0023977042807995508,0.00459036998065624,0.04861859746104808,0.0486761610743504
20260904,1.5,150,50.0,0.0011408157178609023,0.0017974845547752416,0.0024200598642911382,0.04923634031673334,0.04929612883570992
20260904,1.5,150,100.0,0.0002975794928408763,0.0010669281820652188,0.0012443664169960217,0.04956838087731253,0.04962938868382655
20260904,2.0,200,0.0,1.7799118657764408,-0.8587009319196919,0.04696558797691434,0.023697277394929033,0.023703933931471976
20260904,2.0,200,0.1,1.4009022775510982,-0.6816133858866273,0.03707577714617481,0.021018437871675375,0.021023082117878834
20260904,2.0,200,0.25,1.0667331583978803,-0.5201721189897666,0.030680576205572824,0.019866501807028057,0.019870423402439163
20260904,2.0,200,0.5,0.7546284875898177,-0.36583392119212976,0.02592782733125804,0.019894442433413515,0.01989838060160831
20260904,2.0,200,1.0,0.45724615092028864,-0.21676768501093613,0.02147973944692529,0.02110729256186965,0.021111995970782893
20260904,2.0,200,2.0,0.23326588754888467,-0.10472471140734951,0.016886357091471425,0.023197733708059824,0.02320397798283454
20260904,2.0,200,5.0,0.07349674063092052,-0.027578997675599792,0.010652484498991917,0.026110521591542316,0.026119426691106878
20260904,2.0,200,10.0,0.02557315758618838,-0.006644327283257256,0.006663900266301562,0.027762586071693428,0.027773291422417707
20260904,2.0,200,25.0,0.005264348677990655,0.00038529337045278833,0.003155581044997421,0.02906276425694886,0.02907504588629815
20260904,2.0,200,50.0,0.0014514195316605502,0.0009010441502774746,0.0016833239315201386,0.02956766897031314,0.029580602174704807
20260904,2.0,200,100.0,0.00038235582798742246,0.0006547193358015235,0.00087112252124478,0.029836309227105288,0.02984959832130451
20260904,3.0,300,0.0,0.914408663402272,-0.3923592621220149,0.05210941653811971,0.03702665571251709,0.03705206311710691
20260904,3.0,300,0.1,0.8131771594582914,-0.3466977570301042,0.049749925558113646,0.03742387414302557,0.037450108638491166
20260904,3.0,300,0.25,0.6975513326768209,-0.2943951283083335,0.046844854505155714,0.03797450230935654,0.038001912767675235
20260904,3.0,300,0.5,0.5620616728914187,-0.23303070953989669,0.0430015960342022,0.038746809316254315,0.03877592769477089
20260904,3.0,300,1.0,0.39828486102119554,-0.1591346342807487,0.03731718906004489,0.03984007162603556,0.039871727018829045
20260904,3.0,300,2.0,0.23936875711041536,-0.08863271696582475,0.02984582801986873,0.04101630810416794,0.0410508533350807
20260904,3.0,300,5.0,0.09134679025745843,-0.02638738890144343,0.018938118912070964,0.04212010919535275,0.04215752170161444
20260904,3.0,300,10.0,0.035438242086696034,-0.005755203699855604,0.01188009195610253,0.04248910185753171,0.0425275071587807
20260904,3.0,300,25.0,0.008000351108190997,0.001611443526865708,0.0056482569984775246,0.042624179632534495,0.04266295271906149
20260904,3.0,300,50.0,0.0022928641226002684,0.0018312973420264722,0.0030202752825357186,0.04263327423613903,0.042672072169281476
20260904,3.0,300,100.0,0.0006171676761534269,0.001227230984133687,0.0015654309634389664,0.042626950532518665,0.04266573118806715
20260904,5.0,500,0.0,0.4799189642578802,-0.16233828002429584,0.06961762303153668,0.0689493501431858,0.06911382987966615
20260904,5.0,500,0.1,0.4555613786683289,-0.15254805377212888,0.06773524077821429,0.06886013853869441,0.06902397913658875
20260904,5.0,500,0.25,0.42277207165953834,-0.13945239361983464,0.06510693690525232,0.06871589132237042,0.06887870200911117
20260904,5.0,500,0.5,0.37627580323402837,-0.12106211154363367,0.06117724202915912,0.06845879814572284,0.06861978396799641
20260904,5.0,500,1.0,0.3053388742112458,-0.09347881549973058,0.05465027840976869,0.06792643212392098,0.06808368278462976
20260904,5.0,500,2.0,0.2152943678160728,-0.05955110253932694,0.04516392923487955,0.06692735898851643,0.06707775733566498
20260904,5.0,500,5.0,0.10144825809899849,-0.019676057990874796,0.0299253329948577,0.06476873238274981,0.06490501335586292
20260904,5.0,500,10.0,0.044932479628554345,-0.0028433726311560825,0.019273219343902553,0.06282803494864089,0.06295240577056563
20260904,5.0,500,25.0,0.011449079393860877,0.0036260644777754703,0.009367778165112736,0.06065543056970618,0.060767317524323045
20260904,5.0,500,50.0,0.0034625323362189923,0.003263654523588677,0.005054079116149529,0.0595813028840415,0.0596873400627889
20260904,5.0,500,100.0,0.0009611659934454908,0.0021050674023961324,0.002632248166516835,0.058940158344633654,0.05904280321255882
20260904,7.0,700,0.0,0.3064733483481845,-0.06847856012337794,0.08160558566023798,0.09796538271220372,0.09843889120320398
20260904,7.0,700,0.1,0.2965560852890083,-0.06497909600792706,0.08027892560300344,0.09801873558789875,0.09849302188442872
20260904,7.0,700,0.25,0.28267210605550025,-0.0601206116215407,0.07838066838180582,0.09809228894219198,0.09856764894321193
20260904,7.0,700,0.5,0.26184840784968666,-0.05292935701289969,0.07543711564165094,0.09819963588266194,0.09867656582191985
20260904,7.0,700,1.0,0.22716599904130175,-0.041240005309100436,0.07024339512215626,0.09836807704552765,0.09884747743186927
20260904,7.0,700,2.0,0.17690782870325464,-0.02509099442520557,0.06191455467009523,0.09857769115630828,0.09906017783628623
20260904,7.0,700,5.0,0.09891635944669636,-0.0028821508145480124,0.04607369216358423,0.09874399669407061,0.09922894147683718
20260904,7.0,700,10.0,0.050111341914717465,0.00751698879957341,0.032565187993060886,0.09861286310605495,0.09909586895071969
20260904,7.0,700,25.0,0.01473341930253525,0.009892668425031226,0.017460995050137484,0.09813016547649132,0.09860607902118372
20260904,7.0,700,50.0,0.004780257177159983,0.007314121911039528,0.00987541549972326,0.09774079192370534,0.09821103560636267
20260904,7.0,700,100.0,0.0013842038503315672,0.0044865837054491875,0.005288544909166631,0.09745393091602969,0.09792002661469361
20260904,10.0,1000,0.0,0.21548941533651092,-0.018349210978466424,0.08946222285783102,0.12754303361462482,0.1285932498444158
20260904,10.0,1000,0.1,0.21071574051192563,-0.016951026911985467,0.08850009577269072,0.12760865655058048,0.12866050808293744
20260904,10.0,1000,0.25,0.20387471529328696,-0.01496881360079394,0.08709935033169572,0.1277022302960116,0.12875641662727735
20260904,10.0,1000,0.5,0.19325432356445518,-0.011944228837813986,0.08487086754639311,0.1278463427993597,0.12890413178158716
20260904,10.0,1000,1.0,0.1745400642274848,-0.006784705045163042,0.08076991834255597,0.12809650665795114,0.12916056917248359
20260904,10.0,1000,2.0,0.14487248340329545,0.0008744908999386292,0.07373520324036363,0.12848123053507796,0.12955498996977494
20260904,10.0,1000,5.0,0.09139798248644851,0.012421104923799775,0.05873155421970998,0.1291196452504481,0.13020962717904086
20260904,10.0,1000,10.0,0.051476881305345515,0.017727468338803787,0.044113942599534085,0.12950677062088234,0.13060666977069443
20260904,10.0,1000,25.0,0.01719939071916853,0.016360306081944276,0.02545801233800548,0.12965809397211442,0.13076188616343537
20260904,10.0,1000,50.0,0.005989536086493197,0.011666031151777001,0.014989214846708638,0.12956674705726862,0.13066818808840866
20260904,10.0,1000,100.0,0.0018157358794895105,0.007137022989674335,0.008236379934731709,0.12943688567180095,0.13053499005014413
20260905,0.5,50,0.0,2.353353218203884,-1.0557164098246714,0.09288923059646095,0.04377285707545196,0.04381485321181573
20260905,0.5,50,0.1,1.2424704373732705,-0.5450704899983554,0.060389691121619765,0.03911269941741052,0.0391426511544478
20260905,0.5,50,0.25,0.7714598992997276,-0.33405805086896323,0.041641740229637646,0.03410612520399821,0.03412597912274238
20260905,0.5,50,0.5,0.47783838042130083,-0.20406813846765925,0.028521226820105227,0.029587051141156864,0.02960000980726312
20260905,0.5,50,1.0,0.25878879300465185,-0.10771090032793373,0.018145618753818513,0.025524329906065863,0.025532648411794118
20260905,0.5,50,2.0,0.11825389716188797,-0.04661743864668755,0.010825256675267148,0.022509349534825675,0.022515054117930196
20260905,0.5,50,5.0,0.03188052380634262,-0.010434816451547313,0.0050262776678906265,0.020129479481477038,0.020133558912968055
20260905,0.5,50,10.0,0.009958421311327348,-0.002144607152318123,0.002677444120291413,0.019188598965488506,0.019192132584760335
20260905,0.5,50,25.0,0.0018534899161361717,0.00022402986722269702,0.0011180086083755335,0.018574964701689123,0.018578169984811675
20260905,0.5,50,50.0,0.0004890706425917108,0.0003332514336630288,0.0005676410663659673,0.018360685174625635,0.018363780786318708
20260905,0.5,50,100.0,0.00012570575315618904,0.00022658716920476163,0.0002860644665709714,0.01825152611745891,0.018254566834983783
20260905,0.75,75,0.0,8.176835527796882,-3.8724238619249283,0.2234829483314961,0.055327051321206036,0.05541192656586282
20260905,0.75,75,0.1,1.8762064943336731,-0.8299619305565631,0.06927109958437452,0.03706068836642474,0.03708616594249908
20260905,0.75,75,0.25,0.9749266528762276,-0.41143377262519065,0.048206760283930165,0.03583029239624007,0.03585331420654393
20260905,0.75,75,0.5,0.5619170309660866,-0.22537759999028628,0.037559018307149694,0.03664004725819908,0.03666466655403713
20260905,0.75,75,1.0,0.3021463659096262,-0.11219545315648682,0.02895428818000716,0.038301164184960705,0.03832928863741066
20260905,0.75,75,2.0,0.1430965028139142,-0.04594089352984043,0.021008781214653646,0.04016995723911434,0.04020240614764437
20260905,0.75,75,5.0,0.0411548803421857,-0.00740745269342491,0.011885746607816931,0.042185617957170025,0.04222320545230568
20260905,0.75,75,10.0,0.013370164180493882,0.0006803659738083834,0.006944097729066977,0.04316397899310485,0.04320424530013426
20260905,0.75,75,25.0,0.0025684716617268614,0.0019013426651426357,0.003096860625454302,0.04387032803542549,0.04391260561227361
20260905,0.75,75,50.0,0.0006861956692248128,0.0012955050554461778,0.0016108043683717463,0.04413071366137408,0.04417374925235707
20260905,0.75,75,100.0,0.00017754603665750087,0.0007426411895748997,0.0008220299941838303,0.04426617525042183,0.04430960875003312
20260905,0.9,90,0.0,15.750561598433062,-7.824326297714654,0.12974831130273526,0.0224616429204884,0.022467311300179506
20260905,0.9,90,0.1,2.0386059175403854,-0.9410250791849226,0.07313288441634666,0.036782128949141256,0.03680703595606575
20260905,0.9,90,0.25,1.0702714120246117,-0.4570096654316731,0.06063924917394457,0.042574501645013155,0.042613139197878576
20260905,0.9,90,0.5,0.6174230682073417,-0.24222478288432336,0.05044720050639453,0.046904710492415014,0.046956392182796576
20260905,0.9,90,1.0,0.3324120294863991,-0.11582927964250711,0.039478340562931764,0.05019697277004545,0.050260334097165495
20260905,0.9,90,2.0,0.1594465847905569,-0.045604385968925465,0.028272121153364294,0.05201375757741298,0.05208426048076138
20260905,0.9,90,5.0,0.0472895220442085,-0.006180533120107912,0.015609978198793329,0.0528335344464671,0.052907428480471135
20260905,0.9,90,10.0,0.015709667274021705,0.0017952748883034442,0.009009087771027003,0.05295217419100861,0.05302656784145015
20260905,0.9,90,25.0,0.0030772919969697227,0.0025839629898611882,0.003984943086609952,0.05295545230984261,0.05302985979706326
20260905,0.9,90,50.0,0.0008287002693608429,0.0016950350985320828,0.0020669148098506522,0.052942168910862744,0.053016520340136895
20260905,0.9,90,100.0,0.000215344248319811,0.000959493022769875,0.0010533115067900224,0.05293250614820959,0.053006816816900615
20260905,0.95,95,0.0,27.981457577199155,-14.069508847132854,0.07954505099889854,0.010663275010683607,0.010663881298543992
20260905,0.95,95,0.1,2.1970949156788664,-1.021124274607998,0.07848754731095983,0.03807378727595865,0.03810141344882048
20260905,0.95,95,0.25,1.1309718494685541,-0.48768764255392183,0.06590343735123003,0.044853908071232775,0.04489909645249124
20260905,0.95,95,0.5,0.6541074483386856,-0.2608151896699522,0.054059903826947336,0.048581940968929906,0.04863937432452715
20260905,0.95,95,1.0,0.3519864850274044,-0.1259758360138965,0.041187981299292895,0.050648605648487735,0.05071369486370962
20260905,0.95,95,2.0,0.16797327288047242,-0.050284812983114824,0.028734394062743335,0.05134735138591444,0.05141517547398507
20260905,0.95,95,5.0,0.04948925819240921,-0.0075980737674825605,0.015506172207359701,0.05127775365211266,0.05134530195872398
20260905,0.95,95,10.0,0.016390119385337697,0.001250555682975385,0.008868079768586496,0.05107477362371968,0.05114152190065966
20260905,0.95,95,25.0,0.003203914629152603,0.0024240652744420554,0.0038999515502899235,0.05088697895354335,0.05095299271231282
20260905,0.95,95,50.0,0.0008621676012321552,0.0016270930681068219,0.0020188520530295966,0.05081147166945895,0.05087719162639326
20260905,0.95,95,100.0,0.00022395749244682504,0.0009288019482435184,0.0010278002336042975,0.050771121947348556,0.050836685260608847
20260905,0.98,98,0.0,73.68581334195036,-36.92225844293805,-0.3527684468918506,-0.02934175677513339,-0.02935439566352987
20260905,0.98,98,0.1,2.1912885980698946,-1.0098700475533433,0.057811344650804314,0.02852819568150707,0.028539811721753922
20260905,0.98,98,0.25,1.146755252256784,-0.4995780295813015,0.04942698995699443,0.03387719264816128,0.033896649217259246
20260905,0.98,98,0.5,0.6678565336512894,-0.2742210441598216,0.04189792177908996,0.0377147242103677,0.03774157557863488
20260905,0.98,98,1.0,0.36294417800118656,-0.1372253157066654,0.03321483090880201,0.040633537605532746,0.04066712390120459
20260905,0.98,98,2.0,0.17538579554247277,-0.05788806562246385,0.024070184484044584,0.04244722035566134,0.04248551209818769
20260905,0.98,98,5.0,0.052429543383993624,-0.010903470864635167,0.01350030985913033,0.04365699185896238,0.04369865507328261
20260905,0.98,98,10.0,0.01748892250252458,-0.0002517671839568081,0.007864963339994493,0.044098276510554826,0.04414121718231158
20260905,0.98,98,25.0,0.003436525692835987,0.0019216820230986142,0.003505488871378674,0.04438668854915328,0.04443047810601461
20260905,0.98,98,50.0,0.0009265439002064408,0.0014015109324326813,0.0018237067257942368,0.044489517059196806,0.044533611959918035
20260905,0.98,98,100.0,0.00024092165827255363,0.0008235877802742486,0.0009308678352111674,0.04454261438603811,0.04458686751152663
20260905,1.02,102,0.0,64.27855777262418,-32.56835827686957,-0.1490319134230532,-0.013228173575980318,-0.013229331091066257
20260905,1.02,102,0.1,2.2064071531247356,-1.001942945814367,0.06423177007382551,0.03172310036940879,0.03173907477924245
20260905,1.02,102,0.25,1.1510291946046591,-0.4933160093056912,0.05397449736559181,0.037089672562375324,0.03711521000246611
20260905,1.02,102,0.5,0.6690209020253106,-0.2697885310459269,0.04497095962299896,0.04064082907673617,0.04067443347125493
20260905,1.02,102,1.0,0.36317839944558855,-0.1342372684142603,0.0352493994454236,0.04335842825641008,0.04339924172115013
20260905,1.02,102,2.0,0.17548573906829187,-0.05600807036933042,0.02541063350042314,0.04511603233742541,0.045162018409119854
20260905,1.02,102,5.0,0.052557808266844926,-0.010044578685693528,0.014212742406371546,0.04629733301990486,0.04634703077564853
20260905,1.02,102,10.0,0.017571486351100285,0.0001897986740242441,0.008270521623734022,0.04669044700652419,0.046741422904042124
20260905,1.02,102,25.0,0.003461570571348385,0.002103148768302532,0.0036828253714765165,0.046913796762813806,0.04696550852710972
20260905,1.02,102,50.0,0.0009344160543195073,0.0014939316161893812,0.0019152380752719288,0.04698394194354731,0.047035886269157924
20260905,1.02,102,100.0,0.0002431360649690884,0.0008703907460891891,0.000977385719222916,0.047017850104048346,0.04706990709970237
20260905,1.05,105,0.0,42.110596112566554,-20.907444932389666,-0.23788964537130425,-0.026216504843258714,-0.026225518859144297
20260905,1.05,105,0.1,2.147104624014777,-1.0342411153551239,-0.0008343441814502342,-0.0004215683430934383,-0.0004215683805539784
20260905,1.05,105,0.25,1.1706051922931164,-0.544787344136421,0.014062144135484523,0.00968839931443941,0.00968885404764688
20260905,1.05,105,0.5,0.6962428856572294,-0.3075581781680601,0.02181155063536515,0.0195837611251447,0.01958751762397041
20260905,1.05,105,1.0,0.38159761114869123,-0.15506340833281373,0.023848371711217484,0.029079111126368355,0.02909141350021629
20260905,1.05,105,2.0,0.18460453859372478,-0.06527371434668572,0.02066329060431608,0.03640700933999938,0.036431161557764574
20260905,1.05,105,5.0,0.0551898706466736,-0.012445532795376968,0.013082373455324108,0.04235839231420369,0.04239644394811954
20260905,1.05,105,10.0,0.018436056328058836,-0.0005181516383352402,0.00797513513615338,0.04476955789667562,0.044814491564313094
20260905,1.05,105,25.0,0.0036309010443752133,0.0020007807351711815,0.003660479778108069,0.04636573433882076,0.04641565293360499
20260905,1.05,105,50.0,0.000980135471302571,0.0014812227042076964,0.0019239973769625315,0.04692766037614386,0.04697941804901078
20260905,1.05,105,100.0,0.00025504123739936754,0.0008746854299683804,0.0009872216513554877,0.04721476401754214,0.04726747854593267
20260905,1.1,110,0.0,23.90337421386634,-11.812648063523314,0.05182188070935027,0.007354498500804264,0.007354697406314241
20260905,1.1,110,0.1,2.2009739459443125,-1.0620024506840307,0.015185931440564775,0.007447675601455069,0.007447882163406249
20260905,1.1,110,0.25,1.1897338304034755,-0.5529251656281151,0.02194575232424771,0.014806461109410808,0.014808084396111114
20260905,1.1,110,0.5,0.7036015464405054,-0.30999873461853666,0.025548518218027543,0.022595832053546715,0.022601602658729583
20260905,1.1,110,1.0,0.3840335386066242,-0.15552205663881735,0.025318609144673578,0.03056126546557244,0.030575547443414654
20260905,1.1,110,2.0,0.18552274192524104,-0.06533096272046568,0.021165547536809697,0.03703874044205344,0.03706417274920131
20260905,1.1,110,5.0,0.05555393837046136,-0.012480140430517928,0.013200107946916615,0.0425128203828982,0.042551290094847066
20260905,1.1,110,10.0,0.018593216149090982,-0.0005331730780948618,0.008020658388246676,0.04478234993960306,0.04482732217375909
20260905,1.1,110,25.0,0.003668727696348352,0.0020026681296758664,0.0036766434814358762,0.046299087462548814,0.04634879087448058
20260905,1.1,110,50.0,0.0009911478337975813,0.001485042933475178,0.0019319536213750698,0.046835332252206444,0.04688678469809297
20260905,1.1,110,100.0,0.00025802243836512843,0.0008775519178829683,0.0009911986782527597,0.047109698279698214,0.04716206128796982
20260905,1.25,125,0.0,9.265109194682404,-4.3726679980524255,0.08874281084106249,0.021086893040504946,0.021091582822483353
20260905,1.25,125,0.1,2.261402792528362,-1.0505088974322034,0.029560393850633502,0.014514456477707006,0.014515985595573754
20260905,1.25,125,0.25,1.2291669749108796,-0.5592049018866208,0.023438302582065883,0.015823667672465073,0.015825649076442377
20260905,1.25,125,0.5,0.7271024844853048,-0.31923578397785257,0.02223124559791111,0.01970532447682061,0.019709151378247643
20260905,1.25,125,1.0,0.3957080187411736,-0.16328605294167176,0.020656384089899504,0.025020145512582,0.02502798059303057
20260905,1.25,125,2.0,0.19123097883055046,-0.07111053712482485,0.017054593072024286,0.029883962649357207,0.02989731554834562
20260905,1.25,125,5.0,0.05774967968637459,-0.015827654350129006,0.010631790788717045,0.034026649615972654,0.0340463649843199
20260905,1.25,125,10.0,0.019484923225163188,-0.0024377158820152456,0.0064631864503732345,0.035644086945194615,0.03566675146683504
20260905,1.25,125,25.0,0.0038750139786926916,0.001202826084689801,0.0029632297633376864,0.03665429151951708,0.03667893955898944
20260905,1.25,125,50.0,0.0010504431934322972,0.001083989927939788,0.0015570844582535868,0.03699260590701089,0.03701794323394635
20260905,1.25,125,100.0,0.00027397527999769997,0.0006776116328492954,0.0007988591270106076,0.037161120333513556,0.037186805742717564
20260905,1.5,150,0.0,4.667286288970802,-2.167091100094757,0.08241635255992379,0.02898473632454617,0.028996919256387355
20260905,1.5,150,0.1,2.060550225543777,-0.8994712898386987,0.07454177584273469,0.03985187320179477,0.03988355675654165
20260905,1.5,150,0.25,1.232445856966996,-0.5145038484893678,0.0634300200583152,0.0439058158684906,0.0439481962257885
20260905,1.5,150,0.5,0.7553612660449098,-0.29865186594751014,0.05355206816716777,0.047319074949718334,0.04737214002828327
20260905,1.5,150,1.0,0.4200810736485448,-0.15174849149153746,0.043235116090985674,0.05114711262521074,0.05121414529049477
20260905,1.5,150,2.0,0.20644741274888903,-0.06293899214406373,0.03260700652744888,0.054921454872693225,0.0550044743430303
20260905,1.5,150,5.0,0.06363989062856101,-0.009959123792020241,0.01943490511407535,0.05881820990932765,0.05892021786918228
20260905,1.5,150,10.0,0.021773003089958002,0.0016994087151730453,0.011736750978726004,0.060635067169487376,0.06074684126523402
20260905,1.5,150,25.0,0.0043868214785585105,0.0033756756007286004,0.005383845091893073,0.061881995598514115,0.06200082186176654
20260905,1.5,150,50.0,0.0011959498034909144,0.0022922623896994843,0.002832584815159181,0.0623194852310682,0.062440854529557964
20260905,1.5,150,100.0,0.00031291836086394314,0.0013170002655068513,0.0014545191898156541,0.06254079257694818,0.06266346203446801
20260905,2.0,200,0.0,2.3197106395730285,-1.016242023728375,0.10662610397962467,0.05116428598199778,0.051231386280049425
20260905,2.0,200,0.1,1.6016506222426734,-0.6734419407294556,0.10011138951843883,0.05807830329793594,0.05817650344840734
20260905,2.0,200,0.25,1.112339492386331,-0.4446221294841184,0.09115939438282945,0.06370288374430196,0.06383253345178509
20260905,2.0,200,0.5,0.7407078714819516,-0.2758064972065959,0.07972482266787405,0.06851563770932954,0.0686770257981171
20260905,2.0,200,1.0,0.43635463070786334,-0.14373457803368983,0.06473530712661972,0.07273673427859627,0.07292991281056171
20260905,2.0,200,2.0,0.22410651366065884,-0.05829769483867997,0.048208203198779276,0.07578368096907523,0.07600224198650135
20260905,2.0,200,5.0,0.07289791019976609,-0.006110127947537514,0.028293816390902997,0.07810635787630914,0.07834570148611517
20260905,2.0,200,10.0,0.025867299615718528,0.00489251172897498,0.01703288173199187,0.07893778407476518,0.07918487695947748
20260905,2.0,200,25.0,0.005394698913448031,0.0053199056185941895,0.007824253375318438,0.0793702383280566,0.07962142750816253
20260905,2.0,200,50.0,0.0014932209754866007,0.0034410301924575615,0.004123110727926034,0.07947765833855885,0.07972987202752281
20260905,2.0,200,100.0,0.00039405400658889086,0.0019452337604288772,0.0021195351768584754,0.07951905331770784,0.07977166255353788
20260905,3.0,300,0.0,1.2426574717211636,-0.508088639242348,0.10472872811035742,0.06766524385549723,0.06782068337234659
20260905,3.0,300,0.1,1.047184604702235,-0.4152349223499916,0.09975720634919057,0.07038097298059984,0.07055593868540275
20260905,3.0,300,0.25,0.8452087048839209,-0.3203863033620493,0.09375265339515816,0.07385529377457445,0.07405754726717612
20260905,3.0,300,0.5,0.6355674749007351,-0.22376491057746373,0.08607922213459275,0.07852151226950987,0.07876470463731265
20260905,3.0,300,1.0,0.41672447191058587,-0.12640483182988826,0.0752508909745667,0.08524162286116321,0.0855530093629892
20260905,3.0,300,2.0,0.23452767186480813,-0.05099154969663777,0.06147343787454851,0.09334600411626685,0.09375536539310303
20260905,3.0,300,5.0,0.08533004782756186,0.00043337148307598383,0.04086014503718456,0.10337454083800089,0.1039313529832254
20260905,3.0,300,10.0,0.03268439985858649,0.011191340850759901,0.02654305993525568,0.1086722985820728,0.10931973063716781
20260905,3.0,300,25.0,0.00734306631012535,0.009623374070723778,0.013022658859819625,0.11254434471118394,0.11326394418279588
20260905,3.0,300,50.0,0.0021022686553111504,0.006100567645401012,0.007054511967411245,0.11394424042896313,0.11469120747179624
20260905,3.0,300,100.0,0.0005656042771005409,0.0034354695129724666,0.003682224429051943,0.11465869967964465,0.11541990039649075
20260905,5.0,500,0.0,0.5847392180258905,-0.17880255248808807,0.12079562972951587,0.11472626484989194,0.11548882099484825
20260905,5.0,500,0.1,0.5460023032158647,-0.16194279897578423,0.11764413978612688,0.11561022796934399,0.11639066734140391
20260905,5.0,500,0.25,0.49583135979951104,-0.14038135181754297,0.11330014705149284,0.11680912054913008,0.11761426269289382
20260905,5.0,500,0.5,0.4283184555081342,-0.11194767990391141,0.1069029135885981,0.11852946974014526,0.1193709712331058
20260905,5.0,500,1.0,0.33276618748888925,-0.07318497108842936,0.09644731501535375,0.12121057237452977,0.12211091856541592
20260905,5.0,500,2.0,0.2228389675370607,-0.03180622591664206,0.08137174319863437,0.12474668196423272,0.12572879688697072
20260905,5.0,500,5.0,0.09909728542092078,0.0066041210943518225,0.05658490650179792,0.1295677521229837,0.1306692190048969
20260905,5.0,500,10.0,0.04287030444077215,0.016655367362875984,0.038130153011120306,0.1322705637532419,0.13344304115127043
20260905,5.0,500,25.0,0.01082247705553578,0.014164737309210862,0.01951477351370968,0.1342185377530075,0.1354440686384537
20260905,5.0,500,50.0,0.003272684247604775,0.009214036667906655,0.010802792651945267,0.13487356787579313,0.13611729662235567
20260905,5.0,500,100.0,0.0009094013081731807,0.005287210596731651,0.005713496841796491,0.13518471343435426,0.13643714995466263
20260905,7.0,700,0.0,0.35283804286038534,-0.04458644976476278,0.14014538139504484,0.15890819334397502,0.16095336926175205
20260905,7.0,700,0.1,0.3393757661469806,-0.03989236630697546,0.13771112689823178,0.15921677085875305,0.16127403932504097
20260905,7.0,700,0.25,0.3207779150223348,-0.03352080832952509,0.13424063864420938,0.15964084141116514,0.16171480751458686
20260905,7.0,700,0.5,0.29342069957740863,-0.024408863606689923,0.1288877592901227,0.16025807526136793,0.1623565089867201
20260905,7.0,700,1.0,0.2492532001679289,-0.010454281498192053,0.11952509410138683,0.16122895861069791,0.16336627478189367
20260905,7.0,700,2.0,0.1882465337817038,0.006858104013864108,0.10471753606897638,0.16247802358514185,0.16466607967472713
20260905,7.0,700,5.0,0.10028219415572548,0.025394350286134015,0.07718147320610158,0.16385676559115633,0.1661017737510984
20260905,7.0,700,10.0,0.04922420393316744,0.028995769533261218,0.054235199026867735,0.16407692835846152,0.16633112320634133
20260905,7.0,700,25.0,0.014112588307591366,0.02184690254665822,0.02898202404373796,0.16339106486756824,0.16561672481139972
20260905,7.0,700,50.0,0.004539016473332966,0.014135574667688444,0.0163875497087954,0.16271172897574346,0.16490936880487855
20260905,7.0,700,100.0,0.0013090572598022426,0.008152834991160374,0.008779410435888849,0.16220075383679106,0.16437747662322097
20260905,10.0,1000,0.0,0.23129988483270011,-0.004936647953969642,0.11092860466376901,0.15910333971161397,0.16115615740196673
20260905,10.0,1000,0.1,0.22567299175562397,-0.003408332807442571,0.10964133765375794,0.15918772075967907,0.1612438487432212
20260905,10.0,1000,0.25,0.2176533816975192,-0.001262683339105397,0.10777376558640302,0.15930678446128385,0.16136758951645536
20260905,10.0,1000,0.5,0.20530550872844713,0.001961816085576218,0.10481818672673814,0.15948713199711811,0.1615550352431684
20260905,10.0,1000,1.0,0.1838458006586673,0.007313961544050285,0.09942713625291424,0.15979079803280427,0.16187069060097717
20260905,10.0,1000,2.0,0.15058781818367062,0.01485683321161102,0.09031307634448074,0.1602308867586914,0.16232823860166548
20260905,10.0,1000,5.0,0.092886092890481,0.024816484178567855,0.07134930188219146,0.1608584532335076,0.16298087393345162
20260905,10.0,1000,10.0,0.05154242421570515,0.027547758783166287,0.05333611016671643,0.16110354464691318,0.16323581085528038
20260905,10.0,1000,25.0,0.01705951630104747,0.022245489313609035,0.03072797307542913,0.16093659601735677,0.16306215240877392
20260905,10.0,1000,50.0,0.005935998781026345,0.015197581089288148,0.018112211683703253,0.1606150866953023,0.1627277618022643
20260905,10.0,1000,100.0,0.0018015427989032614,0.009106297260621288,0.009967130976152927,0.16032068599091595,0.1624216125591204
20260906,0.5,50,0.0,1.9548152316652838,-1.1015695944932338,-0.11056831448078835,-0.05655757152603675,-0.05664824613633236
20260906,0.5,50,0.1,1.0921746527281742,-0.6400045999015591,-0.0851184811137542,-0.057904033747840956,-0.058001351091231036
20260906,0.5,50,0.25,0.6693681199446299,-0.4056642384891249,-0.06492021289907944,-0.05631410879419276,-0.05640361560991416
20260906,0.5,50,0.5,0.4022619124179338,-0.25297200816621346,-0.047786619261074054,-0.05346629814729051,-0.05354288296701076
20260906,0.5,50,1.0,0.21155702151077863,-0.14047754072227336,-0.032315790910160964,-0.049916424594677544,-0.04997872816367432
20260906,0.5,50,2.0,0.09575980339414078,-0.06939002324085641,-0.02029466369790387,-0.04670688725027431,-0.04675791707323936
20260906,0.5,50,5.0,0.02636139472143975,-0.023568336036089654,-0.009960831648861896,-0.04386358937127448,-0.043905847450311404
20260906,0.5,50,10.0,0.008436474059820268,-0.009877102211771183,-0.005470824653044222,-0.04268763293620289,-0.04272657959992379
20260906,0.5,50,25.0,0.0016086841863065927,-0.0032123633193614776,-0.0023413666667873854,-0.04191695907926904,-0.04195383238493091
20260906,0.5,50,50.0,0.000428942662871993,-0.0014465454877463646,-0.001200409662218775,-0.04164902864719729,-0.04168519877924696
20260906,0.5,50,100.0,0.00011089185604676053,-0.0006789614610616113,-0.0006081214577450906,-0.04151304166418793,-0.041548858353491966
20260906,0.75,75,0.0,3.8864672636213426,-1.974873066238259,-0.06603348826479942,-0.02419477814360638,-0.024201862912055998
20260906,0.75,75,0.1,1.400157650317792,-0.7118002500179343,-0.03771222504255972,-0.023101286845912936,-0.023107453539823016
20260906,0.75,75,0.25,0.81450650168526,-0.4165631423022387,-0.02192198033553678,-0.01761506090556141,-0.01761779443360764
20260906,0.75,75,0.5,0.4870160522559141,-0.2519303669633277,-0.013103078016100916,-0.013614191211081851,-0.013615453055812554
20260906,0.75,75,1.0,0.25954754338157554,-0.13657796828093005,-0.0075080205372885745,-0.010693889429740311,-0.010694500954891384
20260906,0.75,75,2.0,0.12048793344436584,-0.0648879331115475,-0.004292844766561428,-0.00899276464347567,-0.00899312828714239
20260906,0.75,75,5.0,0.034500483452136244,-0.019560971349460443,-0.002061517634802528,-0.008097890792225117,-0.008098156318260621
20260906,0.75,75,10.0,0.011315568361857745,-0.006914701998966155,-0.0011521742740485974,-0.007918491654956901,-0.007918739921283597
20260906,0.75,75,25.0,0.0022021175922781458,-0.0016337068571370406,-0.0005045527478962888,-0.007872600305768921,-0.007872844280473395
20260906,0.75,75,50.0,0.0005919862626133362,-0.0005680462485055937,-0.0002613997265327003,-0.007871099825448275,-0.007871343660673748
20260906,0.75,75,100.0,0.00015371620065257307,-0.0002144104997621188,-0.00013319777971825464,-0.007873300632323412,-0.00787354467214581
20260906,0.9,90,0.0,17.676989709627005,-9.269582630059652,-0.28403915785040845,-0.04903798278888174,-0.049097050742919354
20260906,0.9,90,0.1,1.856132626225951,-0.9807504699893899,-0.06176393695490828,-0.03319067520543717,-0.033208972095090494
20260906,0.9,90,0.25,0.9616925740145944,-0.5077027693980853,-0.0299002194951762,-0.022133842268792156,-0.0221392660235648
20260906,0.9,90,0.5,0.5544765418456609,-0.29282761260230794,-0.01569734768936786,-0.015255432628459914,-0.01525720812324792
20260906,0.9,90,1.0,0.2948347948735173,-0.15677666798807066,-0.0082062267898013,-0.010930994289340043,-0.010931647401738001
20260906,0.9,90,2.0,0.13876949763816798,-0.07512574495841018,-0.004655743808715993,-0.009048567115348325,-0.009048937570902318
20260906,0.9,90,5.0,0.04057226912484816,-0.023159331531752203,-0.0024125252275251042,-0.008690363153234236,-0.008690691330414994
20260906,0.9,90,10.0,0.01346549852027972,-0.008335227697919612,-0.0014226854815749782,-0.008908594420648447,-0.008908947948323856
20260906,0.9,90,25.0,0.002645925172280961,-0.002016741740734629,-0.000648466036343892,-0.009171438475694547,-0.009171824229105258
20260906,0.9,90,50.0,0.0007140657138183487,-0.0007142138870803727,-0.0003408654390010438,-0.009284582382970275,-0.009284982590454495
20260906,0.9,90,100.0,0.0001858075447731604,-0.0002742336492145281,-0.00017498587086363262,-0.00934613200024879,-0.009346540220164542
20260906,0.95,95,0.0,53.58582780875341,-28.341509839942923,-0.10466487590739305,-0.010396612541388498,-0.010397174469540535
20260906,0.95,95,0.1,1.9711829587057896,-1.0366121858878685,-0.031083834528031304,-0.01566989240197373,-0.01567181659233914
20260906,0.95,95,0.25,1.0244993826855597,-0.5425723837532832,-0.02519790469612014,-0.017688233894306626,-0.01769100163465819
20260906,0.95,95,0.5,0.5894612282020952,-0.31495054260830835,-0.018494780038941453,-0.017220153913949193,-0.017222707659901432
20260906,0.95,95,1.0,0.31307194582114223,-0.16973320854717078,-0.01218037002780895,-0.01565946681740771,-0.0156613871692165
20260906,0.95,95,2.0,0.14790944627950714,-0.0823215475344854,-0.007609799433274583,-0.014303199358482514,-0.014304662668085711
20260906,0.95,95,5.0,0.043657513450445724,-0.0260879561598224,-0.003908846092438316,-0.013581008801809784,-0.013582261441529799
20260906,0.95,95,10.0,0.014591961269387293,-0.009688280086706635,-0.0022403150866763246,-0.013490495535860063,-0.01349172329449161
20260906,0.95,95,25.0,0.0028862198502671264,-0.0024841985125996224,-0.000996141111510701,-0.013507083408392984,-0.013508315701954461
20260906,0.95,95,50.0,0.000781146271908244,-0.0009276084444684862,-0.0005187013422284347,-0.013526666150248192,-0.013527903811860385
20260906,0.95,95,100.0,0.0002035882394350834,-0.0003747119399795107,-0.0002649766027284258,-0.013539195748077121,-0.013540436852487646
20260906,0.98,98,0.0,108.17431382363266,-56.69160159667289,-0.9806853740803276,-0.06892085783955597,-0.06908513326769537
20260906,0.98,98,0.1,2.025622503038339,-1.097742582051457,-0.06548583706504948,-0.03262433720402906,-0.03264171288946496
20260906,0.98,98,0.25,1.0415011743501454,-0.5694119498616192,-0.044437508612945396,-0.031070400477243295,-0.031085408557305124
20260906,0.98,98,0.5,0.5966301633160707,-0.32838487359310964,-0.029007772454457577,-0.02700236232587199,-0.027012211795768785
20260906,0.98,98,1.0,0.3160385657784273,-0.17586434147618624,-0.01723288393365795,-0.022193687649166998,-0.022199155528051073
20260906,0.98,98,2.0,0.1491734645019211,-0.08498379394015987,-0.009861283587662553,-0.018574784035526336,-0.01857798922510677
20260906,0.98,98,5.0,0.04403516222287259,-0.026972573315969806,-0.004682588331667647,-0.01629895491606077,-0.016301120304530715
20260906,0.98,98,10.0,0.01472228292479321,-0.010088001234625388,-0.0026018745917872725,-0.015692473305622737,-0.01569440582749966
20260906,0.98,98,25.0,0.002912801838686436,-0.0026320897482055017,-0.001135018803790637,-0.015411771001169085,-0.015413601649908416
20260906,0.98,98,50.0,0.0007884338521710131,-0.0009993469051090553,-0.0005872643337683467,-0.015335121133472079,-0.015336924600653406
20260906,0.98,98,100.0,0.0002055009568120889,-0.00041000326842199897,-0.00029904946690617243,-0.015300080093546359,-0.015301871224643989
20260906,1.02,102,0.0,354.0201068725583,-178.15436655177865,-1.5158505859787792,-0.05736114344932569,-0.05745574467074937
20260906,1.02,102,0.1,2.000574697384927,-1.0493975919048713,-0.037185492506524594,-0.018664781099230015,-0.0186680331116667
20260906,1.02,102,0.25,1.0369207789818204,-0.548821660534633,-0.03075045143975877,-0.021634033370739277,-0.021639097852022678
20260906,1.02,102,0.5,0.6025184790508582,-0.3217930578044996,-0.022023028280066005,-0.02049620846070782,-0.020500514990468073
20260906,1.02,102,1.0,0.3220280547610434,-0.1742197544459385,-0.013837388310969435,-0.017733613788866055,-0.01773640288953615
20260906,1.02,102,2.0,0.15229297441453052,-0.08427562237802344,-0.008124563462821841,-0.015203564439262181,-0.01520532188352261
20260906,1.02,102,5.0,0.04493572007087504,-0.026464102566206238,-0.0038684106088832534,-0.01336712180393407,-0.013368316182291564
20260906,1.02,102,10.0,0.015039933439527734,-0.00973000605997365,-0.0021354243543048918,-0.012772403626677064,-0.012773445562687153
20260906,1.02,102,25.0,0.0029829774585381883,-0.0024438098118257923,-0.0009242154114430363,-0.012426137765274336,-0.012427097229518439
20260906,1.02,102,50.0,0.0008086061153142526,-0.0008939363450650717,-0.000476453353522569,-0.012309116751228812,-0.012310049361151787
20260906,1.02,102,100.0,0.00021094992478046603,-0.00035389853515699343,-0.00024211960187258625,-0.012249414181585459,-0.012250333285973927
20260906,1.05,105,0.0,164.2107479754079,-88.58404275381366,-0.9409672151863323,-0.050709347035486775,-0.0507746710127665
20260906,1.05,105,0.1,2.0164981976841085,-1.0730238852077596,-0.05003819657041285,-0.02508234031813684,-0.025090233991480155
20260906,1.05,105,0.25,1.0434630785481194,-0.5622400203133047,-0.03920916164095199,-0.027541304948965832,-0.02755175625822769
20260906,1.05,105,0.5,0.604796052182047,-0.3297130867615865,-0.027761050442977248,-0.025804999412972075,-0.025813595454956935
20260906,1.05,105,1.0,0.32233954942501547,-0.17842510701444003,-0.01727291767860716,-0.022127643847315737,-0.022133063045599564
20260906,1.05,105,2.0,0.15228349247905498,-0.08638368586586687,-0.009899484389413075,-0.01852287189865483,-0.01852605028543257
20260906,1.05,105,5.0,0.04504058866723614,-0.027261298175336623,-0.004492344919803746,-0.015503688083161033,-0.015505551686034767
20260906,1.05,105,10.0,0.015118906849051298,-0.010082302188971326,-0.0024031362323670893,-0.014336872514549064,-0.014338346184511942
20260906,1.05,105,25.0,0.0030077610641952015,-0.0025559203947758125,-0.0010136596969023835,-0.013575357493123455,-0.013576608569610462
20260906,1.05,105,50.0,0.0008164355958752085,-0.0009419131079968501,-0.0005172850090502068,-0.01330354101125038,-0.013304718425844915
20260906,1.05,105,100.0,0.0002131560688042579,-0.00037538450236329624,-0.00026144380877279953,-0.013162699743977078,-0.01316384015489412
20260906,1.1,110,0.0,80.07827331250073,-41.92998223477552,-0.3957841103000271,-0.03157372993360521,-0.03158947964259882
20260906,1.1,110,0.1,2.1085247400224887,-1.109870609937703,-0.06030205883121602,-0.029986308623426345,-0.029999799247045236
20260906,1.1,110,0.25,1.094072536972565,-0.5921605037747035,-0.05053955033591111,-0.035081231588323505,-0.035102838643842574
20260906,1.1,110,0.5,0.6263406730516181,-0.34712913503569687,-0.03776307598302318,-0.03491872857336872,-0.03494003657151285
20260906,1.1,110,1.0,0.3308974475343959,-0.1887413814525385,-0.02515678797865317,-0.03225541175128799,-0.03227220430787119
20260906,1.1,110,2.0,0.15600059035767977,-0.09282497632438336,-0.015439678984187433,-0.028983526219416276,-0.02899570762477718
20260906,1.1,110,5.0,0.046316906842238305,-0.030542101273491662,-0.007434994635881131,-0.025701985205445577,-0.025710478677181643
20260906,1.1,110,10.0,0.01560506368902563,-0.011889558235309572,-0.004060016882154807,-0.024209004702140036,-0.024216101979164132
20260906,1.1,110,25.0,0.003114793467077816,-0.003317704556583534,-0.0017321184138148374,-0.023136162099327007,-0.023142356771882592
20260906,1.1,110,50.0,0.0008466284604269346,-0.0013281584949225156,-0.0008870795090278015,-0.022733640632111564,-0.02273951749223699
20260906,1.1,110,100.0,0.00022119936645811114,-0.0005696369124910117,-0.00044912740657954955,-0.022521375512842414,-0.022527089246447266
20260906,1.25,125,0.0,9.945770789499829,-5.348935911655351,-0.05631857217774288,-0.012272866797830994,-0.012273791191858603
20260906,1.25,125,0.1,2.2159329688898763,-1.1759258036157232,-0.04618023389816712,-0.021856527068088438,-0.021861749455707003
20260906,1.25,125,0.25,1.1838224961381696,-0.6354741083155928,-0.03873412370671916,-0.025423855781834884,-0.025432076407122597
20260906,1.25,125,0.5,0.6825840616756707,-0.3724117001063918,-0.029904290381126956,-0.026139748339679043,-0.026148683386672603
20260906,1.25,125,1.0,0.36109075348833064,-0.2012525176458908,-0.020369867283784107,-0.02474699998669763,-0.024754581173722378
20260906,1.25,125,2.0,0.1701029896843965,-0.09771012900489628,-0.012479311383205035,-0.02227797787959543,-0.02228350831092647
20260906,1.25,125,5.0,0.05037342990414182,-0.031124157627011817,-0.005833826632441599,-0.019264283092208557,-0.01926785869657541
20260906,1.25,125,10.0,0.016937283763865208,-0.011631304204190895,-0.003101509381457586,-0.01770555772172454,-0.017708333603481383
20260906,1.25,125,25.0,0.003374715941850249,-0.0030043693351500256,-0.0012890240573467735,-0.016510542602581297,-0.016512793433357546
20260906,1.25,125,50.0,0.0009166417291502599,-0.0011258043567055065,-0.0006526175790722114,-0.01604735317251557,-0.016049419809157618
20260906,1.25,125,100.0,0.00023940495554132353,-0.00045570018708929183,-0.00032829953966591,-0.01580018423946446,-0.01580215683380071
20260906,1.5,150,0.0,4.36034810283448,-2.297811428757481,-0.05820548590580281,-0.020232217070358383,-0.020236359296340333
20260906,1.5,150,0.1,2.0312556177765013,-1.0519644164778108,-0.039772585313913165,-0.020517369055391886,-0.020521688940119326
20260906,1.5,150,0.25,1.191294800243266,-0.6109647627962322,-0.02898378680849169,-0.01969664776206123,-0.01970046960951124
20260906,1.5,150,0.5,0.7138324594842614,-0.36465549456421464,-0.0201684891660222,-0.017818875743182895,-0.01782170527341089
20260906,1.5,150,1.0,0.3871218621546904,-0.1981819177244435,-0.012340160221963497,-0.014858344965777922,-0.014859985378891992
20260906,1.5,150,2.0,0.18608608916297423,-0.09619276686105138,-0.006725162118775156,-0.011685033210354542,-0.011685831029279975
20260906,1.5,150,5.0,0.056392195211605205,-0.029933454871942766,-0.0026543778636425406,-0.00836673821954662,-0.008367031080417132
20260906,1.5,150,10.0,0.019216608750897972,-0.010578295303880214,-0.001241801251529925,-0.006699543875464476,-0.006699694231314854
20260906,1.5,150,25.0,0.003872999651515685,-0.00234134582286738,-0.00044982259316976147,-0.00540271548612837,-0.005402794338689716
20260906,1.5,150,50.0,0.0010570557816675426,-0.000731728764430839,-0.00021279254705679483,-0.00489137052579461,-0.004891429041101123
20260906,1.5,150,100.0,0.0002768143599758218,-0.00023987454392382368,-0.00010277077194153011,-0.00461600206879717,-0.0046160512472576435
20260906,2.0,200,0.0,1.8520553949005898,-0.8582494221360528,0.03335997058786569,0.018447968210123747,0.018451108187349217
20260906,2.0,200,0.1,1.3867932156717733,-0.6304694039423469,0.032087403826068214,0.020591107436687524,0.020595474075277953
20260906,2.0,200,0.25,1.01571882373964,-0.45285859251230876,0.03005430884685707,0.02256862934003053,0.02257437912361167
20260906,2.0,200,0.5,0.6965269801702905,-0.3029862127864744,0.027363440372529198,0.02479697167322801,0.024804598893361212
20260906,2.0,200,1.0,0.4136693187646057,-0.17276802328794116,0.023587743548641207,0.027649120040511177,0.027659694618360046
20260906,2.0,200,2.0,0.2112282747066202,-0.08190807583320825,0.018833282919476512,0.03072434273830978,0.030738854676386027
20260906,2.0,200,5.0,0.06829997051460251,-0.020864248304306443,0.011978057400465803,0.0340712084437678,0.034091001412120174
20260906,2.0,200,10.0,0.02428513799784526,-0.004181445339470402,0.007518251195736886,0.0356679628074159,0.03569067293346617
20260906,2.0,200,25.0,0.005094303085397727,0.0011432629782395232,0.0035676755175781914,0.03678221184070544,0.03680711901613435
20260906,2.0,200,50.0,0.001415101797281731,0.001250909529232902,0.0019043162077195684,0.03717980968158097,0.03720553389081138
20260906,2.0,200,100.0,0.0003742791954427633,0.0008243080625636168,0.0009857412869743102,0.0373829920400412,0.03740914059309835
20260906,3.0,300,0.0,1.0505163063142464,-0.5017359307112059,0.030882204641722606,0.022295996095788834,0.022301539960197226
20260906,3.0,300,0.1,0.9122070528949406,-0.4319438165045517,0.030736671290375023,0.02383465566476322,0.02384142867509274
20260906,3.0,300,0.25,0.7588157145850207,-0.3549405380656352,0.030263152898708134,0.02575104563591951,0.025759587854230513
20260906,3.0,300,0.5,0.5872987728362637,-0.2694653143092256,0.029144690901296805,0.028206413482850728,0.028217640718728745
20260906,3.0,300,1.0,0.39432442789645733,-0.17446933543946752,0.026625231008801403,0.03145142415304021,0.03146699145313839
20260906,3.0,300,2.0,0.22377105325979638,-0.09240152227299325,0.02222354322027986,0.0348190247299779,0.03484015061558505
20260906,3.0,300,5.0,0.08038747767402567,-0.02687865086631347,0.014541655686189505,0.03791399546863134,0.037941275017812
20260906,3.0,300,10.0,0.03030731222450112,-0.006462000285554881,0.009168804512030565,0.0388407950770945,0.03887012602263398
20260906,3.0,300,25.0,0.006701815790649832,0.0009188235297228342,0.00433977984412747,0.0389940103607278,0.039023690048461436
20260906,3.0,300,50.0,0.0019057697959133852,0.0013610538042791998,0.00231022065969746,0.03887789271829418,0.038907307851591785
20260906,3.0,300,100.0,0.0005108564310836337,0.0009527486164516707,0.0011936177803079943,0.03876866918207511,0.038797836908843926
20260906,5.0,500,0.0,0.5351617607307028,-0.2213803251983899,0.051348374961549835,0.0512350736283867,0.05130245318622043
20260906,5.0,500,0.1,0.5023268977957472,-0.20561870099484625,0.05030021828672412,0.051830337545960836,0.051900096218299066
20260906,5.0,500,0.25,0.4591049219233484,-0.18501095589973549,0.04879851319394821,0.052633004034566944,0.052706058698817906
20260906,5.0,500,0.5,0.3997088033458022,-0.15698418199148456,0.04647448823308918,0.053774132341535434,0.0538520495461175
20260906,5.0,500,1.0,0.31329042911307237,-0.11694217041170418,0.042419692994105834,0.055522219166593174,0.05560799717909807
20260906,5.0,500,2.0,0.21080260690359232,-0.07102023509259081,0.03612570499200045,0.05775184031318938,0.05784839103415767
20260906,5.0,500,5.0,0.09291584360104009,-0.0220581209557007,0.025089676590525103,0.06055669611282755,0.06066803656736036
20260906,5.0,500,10.0,0.03955239898417124,-0.003280273558852409,0.016709793301218752,0.061881653682689865,0.06200047797252084
20260906,5.0,500,25.0,0.009781704368131153,0.0035351927229619884,0.008395443312100844,0.06254361085787424,0.06266629693228722
20260906,5.0,500,50.0,0.0029282172136546273,0.003192687346083356,0.004600049320487964,0.06262904391355546,0.06275223442523996
20260906,5.0,500,100.0,0.0008089309947649277,0.0020560860288614258,0.002417571206029929,0.06261619683524419,0.06273931140326466
20260906,7.0,700,0.0,0.3331157212030927,-0.10189753312466743,0.06340291002225666,0.08322871002788103,0.08351847972331061
20260906,7.0,700,0.1,0.3207991101034281,-0.09683215585886451,0.06234429763436662,0.08340255288471374,0.08369414850881193
20260906,7.0,700,0.25,0.3036870355094512,-0.08984641808283067,0.06082240351898717,0.08363744242238874,0.08393151739387421
20260906,7.0,700,0.5,0.2783176559162009,-0.07960902271120873,0.058448329889070554,0.08397016054480297,0.08426777160319024
20260906,7.0,700,1.0,0.23689607095364154,-0.06324026071477751,0.054229156984165895,0.08446716696827557,0.08477011305318506
20260906,7.0,700,2.0,0.178886039845064,-0.04121383301948356,0.047428030451813055,0.08503798240762422,0.08534713445516887
20260906,7.0,700,5.0,0.09435023564783271,-0.01204620540459933,0.03459367412549291,0.08542792332535944,0.08574136347658691
20260906,7.0,700,10.0,0.04556220863311679,0.0015471805304003716,0.02395588708396528,0.0851222875744841,0.08543236335604246
20260906,7.0,700,25.0,0.012749448171746608,0.006383597482815917,0.012535952824945372,0.08417260736847375,0.08447238388898323
20260906,7.0,700,50.0,0.004044131167945848,0.0051218521108092885,0.007004161573994936,0.08347771195106593,0.08377009937707368
20260906,7.0,700,100.0,0.0011561496834535116,0.0032268444739961266,0.0037239963223643286,0.08299208222926975,0.08327937888035467
20260906,10.0,1000,0.0,0.22318396286473777,-0.048889206240518845,0.0646828192002469,0.10135258471530374,0.10187719435278596
20260906,10.0,1000,0.1,0.21772492103445618,-0.04681743708296082,0.06395226915071338,0.10145444285667347,0.10198064399364269
20260906,10.0,1000,0.25,0.20993404557676348,-0.0438817234680291,0.06288960215560184,0.10160003699486306,0.10212851861893951
20260906,10.0,1000,0.5,0.1979161256351656,-0.039404472496387566,0.0612013588263071,0.10182508317382077,0.10235710281700268
20260906,10.0,1000,1.0,0.17697538537664936,-0.03176682160236388,0.05810278966029292,0.10221816151085265,0.10275639897016298
20260906,10.0,1000,2.0,0.1444309784906732,-0.020388388799512436,0.052814953145569145,0.10282922060652998,0.10337722061382906
20260906,10.0,1000,5.0,0.08800418035953272,-0.0027043041588625805,0.04166978919451023,0.1038685886811684,0.10443346620208359
20260906,10.0,1000,10.0,0.04802053143066665,0.0069833690137891535,0.031005105765033722,0.10454251339011357,0.10511851887719754
20260906,10.0,1000,25.0,0.015468681148775655,0.01012518047779043,0.017684282768440886,0.10493584088076022,0.10551840865914469
20260906,10.0,1000,50.0,0.005288153088570892,0.007865482367842569,0.010347452546593396,0.10493871440871153,0.10552133031314129
20260906,10.0,1000,100.0,0.0015853266606621881,0.004981604176183652,0.00566403186430552,0.10486176994333088,0.10544309809858086
20260907,0.5,50,0.0,1.8924304409331172,-0.9867673731953244,0.032019377189891896,0.016127464306472897,0.016129562052952698
20260907,0.5,50,0.1,1.199769412936538,-0.6086614237580235,0.04001997799254062,0.025236874891057182,0.025244915412986662
20260907,0.5,50,0.25,0.7884188658726229,-0.38574906307006773,0.04081051841787492,0.031779347774363226,0.03179540734944104
20260907,0.5,50,0.5,0.49166188717294457,-0.22819749007092005,0.037441705706397446,0.03705778071639964,0.03708325229218173
20260907,0.5,50,1.0,0.26060784275615273,-0.10997819561255606,0.030414135173474983,0.041586211325808795,0.041622217901895776
20260907,0.5,50,2.0,0.11523048745092959,-0.04015198338732473,0.021660647081352777,0.04481266021615785,0.04485772392047668
20260907,0.5,50,5.0,0.029977715528011147,-0.004360514793486647,0.011558143835455215,0.047171310281700914,0.04722387923576386
20260907,0.5,50,10.0,0.009222403577322376,0.0016879604820254634,0.006504855633436465,0.04800006485660646,0.048055456816715955
20260907,0.5,50,25.0,0.001700265615102106,0.001972248759721462,0.002815475716164923,0.04848349767064771,0.04854058218555489
20260907,0.5,50,50.0,0.00044725004415406447,0.001245474264912394,0.0014475416998541576,0.04863803632856639,0.04869566909726521
20260907,0.5,50,100.0,0.00011478218753826634,0.000692461467553529,0.0007341753245594476,0.04871341496569395,0.04877131642493665
20260907,0.75,75,0.0,10.000148479500915,-5.080448697422638,-0.02318969229587465,-0.00538555808253477,-0.005385636186232211
20260907,0.75,75,0.1,1.8340006616029711,-0.9449452774147264,0.032341245519465746,0.017383822560988204,0.01738644982847438
20260907,0.75,75,0.25,1.020997251908638,-0.5183560299538572,0.03464627705838686,0.024605540729545,0.024612992612100176
20260907,0.75,75,0.5,0.6007161956313591,-0.29715446778432497,0.030174750471985385,0.02772401235945922,0.027734673132551766
20260907,0.75,75,1.0,0.3134433528559682,-0.1479002382021608,0.022943486937410527,0.029101406535270248,0.02911373724009196
20260907,0.75,75,2.0,0.14029307364376756,-0.06061754248374829,0.015596736157008594,0.02959333550641324,0.02960630243525469
20260907,0.75,75,5.0,0.03773549051464459,-0.012178121165537625,0.008162500818104372,0.029948806348723357,0.029962246396935597
20260907,0.75,75,10.0,0.011879673504775737,-0.0017312478194080327,0.0046075229197338205,0.030186886658650748,0.03020064993763789
20260907,0.75,75,25.0,0.002233501386519374,0.0008506998097853602,0.002009421076000542,0.030408612617908788,0.030422681550183718
20260907,0.75,75,50.0,0.0005921732077369263,0.0007442560082370209,0.0010372495331203253,0.03050266614047219,0.030516866083186458
20260907,0.75,75,100.0,0.00015262390742832037,0.00045908708204078774,0.0005273118439566482,0.03055439297785393,0.030568665318351087
20260907,0.9,90,0.0,18.194752720787836,-9.10216454953327,-0.016837956709737357,-0.0028030005066031092,-0.002803011517991779
20260907,0.9,90,0.1,1.8866445265492038,-0.9452714086275003,0.03140614759706148,0.016580910639979043,0.01658319037673412
20260907,0.9,90,0.25,1.0823030240809248,-0.5218293333976758,0.041722272244301126,0.029052752375784786,0.02906502131138976
20260907,0.9,90,0.5,0.6544523404210395,-0.30161082176767096,0.039967616144209,0.035710755393665666,0.03573354740941769
20260907,0.9,90,1.0,0.34866096064153107,-0.1499286772968469,0.032445640076681666,0.03961119801096987,0.03964231054439001
20260907,0.9,90,2.0,0.15816357982318952,-0.05975083180045604,0.023111426562054872,0.04178859546863264,0.04182513076089784
20260907,0.9,90,5.0,0.043153039857662584,-0.00996977157096457,0.012579322476290337,0.04344371221635193,0.0434847672178628
20260907,0.9,90,10.0,0.013720983850091326,0.00012253251880378624,0.0072204598833849375,0.04418142784095895,0.04422461211487979
20260907,0.9,90,25.0,0.0026047382622000205,0.0018863769852203172,0.003185476764704199,0.04471157151693606,0.044756330639302296
20260907,0.9,90,50.0,0.0006935635373658641,0.00132755056892786,0.0016512191535107857,0.04490718412444568,0.04495253387997544
20260907,0.9,90,100.0,0.0001791871226701903,0.0007692170997432024,0.0008412640075968345,0.045008938854657114,0.04505459789576589
20260907,0.95,95,0.0,49.640663414741084,-24.819317037313695,0.2987441874841167,0.030104637715527835,0.030118288749263502
20260907,0.95,95,0.1,1.97410760411986,-0.9558500406868513,0.049055814212175676,0.02565429580847963,0.025662742074081764
20260907,0.95,95,0.25,1.0980257560993332,-0.511859560442719,0.05019915781172055,0.03512138202256438,0.03514306339666972
20260907,0.95,95,0.5,0.6584335119450749,-0.2932377864533604,0.0444176986624396,0.04001356774057931,0.04004563883076602
20260907,0.95,95,1.0,0.35055994077362784,-0.14545906044694812,0.034546715824947935,0.042511528918688646,0.04254999512164569
20260907,0.95,95,2.0,0.15962425138815634,-0.05805464748271327,0.023973638494404342,0.04358470084895084,0.043626157240738754
20260907,0.95,95,5.0,0.0438198089547118,-0.00968536806899678,0.012769812414154607,0.044168692886306496,0.044211839791916924
20260907,0.95,95,10.0,0.013980036146600436,0.00016263197414434494,0.007257853830025053,0.044376639766637034,0.04442039956011347
20260907,0.95,95,25.0,0.0026608130225583256,0.001876040910128829,0.003179220717793914,0.04450891610347911,0.044553068767562286
20260907,0.95,95,50.0,0.0007092086825082391,0.001318243054598267,0.001643621807667457,0.04455346690562836,0.04459775241713471
20260907,0.95,95,100.0,0.00018332784769722584,0.0007635986923452132,0.0008362376146521792,0.04457555743035737,0.04461990891314348
20260907,0.98,98,0.0,63.2621567316275,-31.62780588685721,0.3372533501696232,0.030288676582775585,0.030302579624989088
20260907,0.98,98,0.1,2.010832148284924,-0.9747499784796796,0.055800289621998254,0.02866559800872102,0.028677382769582864
20260907,0.98,98,0.25,1.1082727846553393,-0.5160308781299738,0.05462968920512087,0.03781153955823357,0.03783859839228298
20260907,0.98,98,0.5,0.6623423953364194,-0.2938259221933581,0.047719785091913894,0.042662347298063716,0.042701224730614475
20260907,0.98,98,1.0,0.35250894092407,-0.1448605182486622,0.037094391326619264,0.045357290144274184,0.04540401866543401
20260907,0.98,98,2.0,0.16063270657618187,-0.057037960981140445,0.02589065664618535,0.04680005675257584,0.04685139289950372
20260907,0.98,98,5.0,0.04413535817843081,-0.008760942774592717,0.013930061848328115,0.047938914539876226,0.04799409482430529
20260907,0.98,98,10.0,0.014089624014265256,0.0008043199628130493,0.007967438914245487,0.04848160076892637,0.04853867857596329
20260907,0.98,98,25.0,0.0026836212263800143,0.00219722559938873,0.0035085657087331325,0.04888562586232696,0.04894414431125691
20260907,0.98,98,50.0,0.0007155436986045113,0.0014925265077840866,0.0018177641300985755,0.04903718127063281,0.04909624632485804
20260907,0.98,98,100.0,0.00018500424499602575,0.0008545358160267913,0.0009259044792449671,0.049116454936946545,0.04917580725590971
20260907,1.02,102,0.0,77.49359844786818,-38.95032845955412,0.4002454851799565,0.03278704627963469,0.0328046833807539
20260907,1.02,102,0.1,2.0475559460700183,-1.0053473208754427,0.05590172030501431,0.028350216744940853,0.02836161664501719
20260907,1.02,102,0.25,1.1329579949670838,-0.529605160446994,0.05702007651972563,0.03894830722089834,0.03897788259305938
20260907,1.02,102,0.5,0.6723184032885707,-0.2974225905975352,0.050032535164086525,0.0443390476305533,0.044382696200047776
20260907,1.02,102,1.0,0.3545560942548823,-0.14447534448726929,0.03856188838467827,0.04696577217112873,0.047017656189279874
20260907,1.02,102,2.0,0.16081989678143008,-0.05641411834012877,0.026519890924377572,0.04785502334691369,0.047909914116550496
20260907,1.02,102,5.0,0.0443166902680888,-0.008697848669010355,0.014040625275393421,0.04815868649235324,0.048214630057475255
20260907,1.02,102,10.0,0.014219461997250023,0.0007708966880213275,0.007983934974613253,0.048294250274920805,0.04835066815884283
20260907,1.02,102,25.0,0.0027233476308849247,0.002178649233115837,0.0035070349479191165,0.048437902403091544,0.048494825828606036
20260907,1.02,102,50.0,0.0007279562460873919,0.0014854835558372192,0.0018162096631240917,0.048505596680047176,0.04856275938081002
20260907,1.02,102,100.0,0.0001884800455129495,0.000852095195424174,0.0009250302455487792,0.048544551036655066,0.048601851731240035
20260907,1.05,105,0.0,36.364787872036814,-18.14705004833655,-0.0070328862472455005,-0.0008859338370649121,-0.0008859341847404441
20260907,1.05,105,0.1,2.0444686764264577,-1.0121842449244522,0.05706252453644386,0.028671746614751924,0.02868353896365124
20260907,1.05,105,0.25,1.1517289423445674,-0.5435119002709927,0.055447407628907035,0.037214161718776666,0.037239957346547024
20260907,1.05,105,0.5,0.6864043824134134,-0.30798722681251367,0.047534462238313986,0.04134957386746682,0.04138496874951042
20260907,1.05,105,1.0,0.36205531969543947,-0.15086971783579806,0.03624691331649532,0.043395509608842704,0.04343642797654117
20260907,1.05,105,2.0,0.164169123941443,-0.05989193560686168,0.024838953718535717,0.04413294641518656,0.044175988544914384
20260907,1.05,105,5.0,0.045339961758657954,-0.010140801043821313,0.013151582829665163,0.04443673789219394,0.04448067589100127
20260907,1.05,105,10.0,0.014591606898457576,6.924829683951916e-05,0.007488110947734654,0.04458691699270717,0.04463130242529177
20260907,1.05,105,25.0,0.0028040847087785086,0.0019185037627188484,0.0032944448635263543,0.044739586876953036,0.044784430271949206
20260907,1.05,105,50.0,0.0007507161021713863,0.0013618942415973834,0.0017073924205027898,0.044809645079552665,0.044854699679252624
20260907,1.05,105,100.0,0.00019454751617407147,0.0007923795735990113,0.0008699812844533055,0.04484954426102994,0.04489471944123147
20260907,1.1,110,0.0,15.932157973107495,-8.326722980204398,0.04172978197556144,0.007492093160105679,0.007492303440021675
20260907,1.1,110,0.1,2.027227336900339,-1.0180289826015851,0.07362685249493929,0.03654950977453523,0.03657394689667579
20260907,1.1,110,0.25,1.1734387912614581,-0.5697682075563739,0.056179636106531435,0.03675905958366055,0.036783919724059554
20260907,1.1,110,0.5,0.7075504493615006,-0.3315474178808846,0.04324730153460713,0.036498056209406216,0.03652239020202279
20260907,1.1,110,1.0,0.3753680353179559,-0.16631538840217575,0.03151038243954837,0.03654297394694436,0.036567397953040155
20260907,1.1,110,2.0,0.1704115055309313,-0.06796853677752712,0.02150097912409678,0.0370352600586911,0.03706068519227162
20260907,1.1,110,5.0,0.04691415038845325,-0.01286743076258734,0.011602509190215592,0.038130253557980165,0.03815800291795568
20260907,1.1,110,10.0,0.015045035902152386,-0.0010628172194357965,0.006704106062684788,0.0389319540841676,0.03896149219048236
20260907,1.1,110,25.0,0.0028811600994125106,0.0015455433228356297,0.0029859367109163156,0.03964635204816607,0.03967754755540136
20260907,1.1,110,50.0,0.0007702005976746372,0.0011910346455898946,0.001554979066018408,0.03994173565947908,0.03997363420054273
20260907,1.1,110,100.0,0.00019943318478360722,0.0007110696057101018,0.0007943551235538906,0.04010265068334744,0.04013493662521709
20260907,1.25,125,0.0,5.001923104006477,-2.39980708335437,0.1924285545187862,0.062027110495607087,0.062146776292276815
20260907,1.25,125,0.1,2.0276784990507375,-0.9587790838937889,0.10809891466417042,0.05417837256653154,0.05425806282699015
20260907,1.25,125,0.25,1.2334736578014505,-0.5740158077860453,0.07848691502900845,0.05027013802665924,0.0503337771688662
20260907,1.25,125,0.5,0.7474737161151713,-0.33808215591776136,0.058412975563764166,0.04795510639841305,0.04801034267930518
20260907,1.25,125,1.0,0.39492391282712885,-0.16824406155145444,0.041517380250085535,0.04680259525453187,0.04685393976471919
20260907,1.25,125,2.0,0.17925438036727312,-0.06705531520121721,0.028103591103798876,0.04696072070040882,0.04701258796048709
20260907,1.25,125,5.0,0.05004397348293368,-0.011081895171354716,0.015333467620427737,0.048453195314112914,0.04851017273603958
20260907,1.25,125,10.0,0.0163124809399639,0.0004739149230752471,0.008982559714580883,0.04971080761884537,0.04977234348017795
20260907,1.25,125,25.0,0.0031804711092023276,0.0024629011078597385,0.004058679655657809,0.05087233902368317,0.0509382957494863
20260907,1.25,125,50.0,0.0008573488305742608,0.0017259565354571516,0.002127345722605326,0.05136072647796181,0.051428603650928835
20260907,1.25,125,100.0,0.00022306505526025042,0.0010013087164196799,0.0010907243569541567,0.05162863194424018,0.051697578270898784
20260907,1.5,150,0.0,2.9573183735673876,-1.4219706425842649,0.11576084335787996,0.04713599569723212,0.0471884465418656
20260907,1.5,150,0.1,1.7971395428192405,-0.826041948497203,0.1100005616864687,0.05744884238022805,0.0575438788900695
20260907,1.5,150,0.25,1.1944994034522596,-0.5272901847541074,0.09517431725754258,0.06091089708941753,0.06102420638005687
20260907,1.5,150,0.5,0.7586525990692399,-0.3178864314140666,0.07781274662398664,0.06242906002576084,0.06255107190771522
20260907,1.5,150,1.0,0.4144254582869812,-0.15830554446795286,0.05803625907259971,0.06298500736618992,0.06311031458302774
20260907,1.5,150,2.0,0.19252063268529548,-0.06105462679093465,0.03936477897444053,0.06276033866438034,0.0628843071027826
20260907,1.5,150,5.0,0.05475304760865536,-0.0077090481128361255,0.02064439918306102,0.061924954933123055,0.0620440293173664
20260907,1.5,150,10.0,0.0179781953305567,0.0025152720812101625,0.011693560683899575,0.0613626282088633,0.06147848205171128
20260907,1.5,150,25.0,0.0035215873461620934,0.003407728968520707,0.005126751424077596,0.06091560453190298,0.06102894014449878
20260907,1.5,150,50.0,0.0009508221240188337,0.0022255549065496316,0.0026541794872654042,0.06074520455117319,0.060857589963098535
20260907,1.5,150,100.0,0.0002475857144078881,0.001258639651196214,0.0013517629014291603,0.060655769649140025,0.06076765848366133
20260907,2.0,200,0.0,1.841046173551481,-0.7846809175931366,0.17253612180153294,0.09051302653679863,0.0908860892470398
20260907,2.0,200,0.1,1.4219018011331814,-0.5846220010021357,0.15693905969745256,0.09363809314480193,0.09405132631968532
20260907,2.0,200,0.25,1.0540889723646716,-0.4128352711626404,0.13892686572121538,0.0961053045654979,0.0965522282041641
20260907,2.0,200,0.5,0.7225654131338737,-0.26212465766948156,0.11766561558723493,0.09804604243172556,0.0985207271531202
20260907,2.0,200,1.0,0.4222483837889338,-0.1313227188930688,0.09150831839087803,0.09940203723890718,0.09989679076592602
20260907,2.0,200,2.0,0.2079975664827099,-0.045216854232341674,0.06468497289010212,0.09982107539133779,0.1003221440251179
20260907,2.0,200,5.0,0.06291459808334564,0.0024810399598034216,0.0354451037549929,0.09928321244721634,0.09977618500664533
20260907,2.0,200,10.0,0.021339818458443217,0.009552982262493237,0.02051226426153003,0.09864661400081362,0.09913011838691341
20260907,2.0,200,25.0,0.00428994003412493,0.007070702585589728,0.00913448401228138,0.09801420624132365,0.09848842647341996
20260907,2.0,200,50.0,0.0011704027637109231,0.004256934451043137,0.004756587541176382,0.09773931675427365,0.09820953904295945
20260907,2.0,200,100.0,0.00030649296830585727,0.0023322126335793003,0.0024298997477353534,0.09758639373559747,0.09805440176806562
20260907,3.0,300,0.0,0.9644537387604195,-0.42024717274827794,0.10760327286925449,0.0753562934691383,0.0755711670647235
20260907,3.0,300,0.1,0.8513995816963172,-0.36162602876288563,0.1040898086686012,0.07754036165829892,0.0777745241269184
20260907,3.0,300,0.25,0.7213432305821041,-0.2953504691961839,0.09891109646720633,0.07999766799060533,0.08025488081404579
20260907,3.0,300,0.5,0.5693565779646719,-0.2197272323256414,0.09106000183603015,0.0828402409869189,0.08312595818850159
20260907,3.0,300,1.0,0.3894005992369134,-0.13355277947065902,0.07845571245437077,0.08625816624806679,0.08658086886625196
20260907,3.0,300,2.0,0.22271236568327216,-0.05901644803653916,0.06163316737987405,0.08961627263692849,0.0899783123412128
20260907,3.0,300,5.0,0.07904704482269191,-0.00426949562105805,0.03798358479345293,0.09287348890568424,0.09327663824737471
20260907,3.0,300,10.0,0.029273082883201344,0.008044047782999386,0.023390377135990813,0.09418938812876534,0.09460999602971387
20260907,3.0,300,25.0,0.006341763226501922,0.007789702430224366,0.010940445467228417,0.09491133380108148,0.09534173211818153
20260907,3.0,300,50.0,0.0017859350155542144,0.004999504403055299,0.005809151322657245,0.09509990388561115,0.09553288438477069
20260907,3.0,300,100.0,0.0004760474662682153,0.0028240168568188784,0.0029990289057807394,0.09517561966024081,0.09560963989127805
20260907,5.0,500,0.0,0.48137791569148597,-0.15922232738098252,0.09935410471677462,0.0990170286119587,0.09950602719649133
20260907,5.0,500,0.1,0.4542423152157796,-0.14684292369990692,0.09701470188803687,0.09950393196953573,0.10000021615074413
20260907,5.0,500,0.25,0.4181367708437509,-0.13053813555931737,0.09374460973115291,0.10017684389555351,0.10068331644278859
20260907,5.0,500,0.5,0.3677761936882791,-0.10816129566430854,0.08883791255454741,0.10116811525882481,0.10168985086016803
20260907,5.0,500,1.0,0.29286478676462985,-0.07585894859282183,0.08060665347761042,0.10277528328734899,0.10332241681939668
20260907,5.0,500,2.0,0.20122351698279636,-0.038636936691236023,0.06835399277462542,0.10501994098660641,0.10560391838514543
20260907,5.0,500,5.0,0.09128233724301699,-0.00035560424182157213,0.04756961437278352,0.10837043143603386,0.10901245131003301
20260907,5.0,500,10.0,0.03947919904041755,0.01155643673037865,0.031905342677964486,0.11049697614660586,0.11117777768627639
20260907,5.0,500,25.0,0.00986312319299007,0.011362836181098235,0.01619744857839575,0.11229952312343719,0.11301440683404376
20260907,5.0,500,50.0,0.002959903548870574,0.007591361355633319,0.008925425186774739,0.11303166022975283,0.11376070861650207
20260907,5.0,500,100.0,0.0008182895706426655,0.004401610556123203,0.004707215779137345,0.1134292792034074,0.11416609890345322
20260907,7.0,700,0.0,0.31248939666367687,-0.06570213424509119,0.10205920937127173,0.12388206092318406,0.12484373860955983
20260907,7.0,700,0.1,0.3013537259158357,-0.06154664362052853,0.10022150632113071,0.12386414332184213,0.12482540054771864
20260907,7.0,700,0.25,0.28584152711694505,-0.055815263667443826,0.09760211856971068,0.12383573091200573,0.12479632165685693
20260907,7.0,700,0.5,0.26275401437930607,-0.04741952467927546,0.09356450947781864,0.12378572922937456,0.12474514782212413
20260907,7.0,700,1.0,0.2248148275814509,-0.034026755247806406,0.08651471262256533,0.12368218419004835,0.12463917852159283
20260907,7.0,700,2.0,0.17112508348378602,-0.016177308792200806,0.07541510567189728,0.12348404613715258,0.12443641305890342
20260907,7.0,700,5.0,0.0914986892075458,0.006362450491482208,0.05501217394098077,0.12303691712374204,0.12397889707667603
20260907,7.0,700,10.0,0.04460415702307958,0.014882814301865666,0.038302503056805805,0.12261102345954006,0.12354318104071196
20260907,7.0,700,25.0,0.012571562582887642,0.01391211278343607,0.0202525434734202,0.12209089243786891,0.12301114821841468
20260907,7.0,700,50.0,0.003995509556981823,0.00951236214015605,0.011389098340127624,0.12180568307111302,0.12271945630600233
20260907,7.0,700,100.0,0.0011428870169165914,0.0056231556087718015,0.006080958079549552,0.12162264043638435,0.12253226954226307
20260907,10.0,1000,0.0,0.20487918428465599,-0.002830673082822255,0.10373893771335628,0.15206195035295592,0.15385109015860898
20260907,10.0,1000,0.1,0.2002074462520185,-0.0014368143303293834,0.10265922191245677,0.15222978715828742,0.15402492798969378
20260907,10.0,1000,0.25,0.19351684529022267,0.0005295440625158188,0.10108451876864792,0.15247093668754436,0.15427472373499032
20260907,10.0,1000,0.5,0.18314091132181895,0.0035058217550624216,0.09857272061788756,0.15284685545818594,0.15466417704517363
20260907,10.0,1000,1.0,0.16489398929551535,0.008503888002852955,0.09393035611158587,0.15351426935106838,0.15535578992590957
20260907,10.0,1000,2.0,0.1360839071218941,0.015675645245874614,0.08591164306724229,0.15458760979783212,0.15646850450953267
20260907,10.0,1000,5.0,0.08466635849832552,0.025375598915913566,0.06861843559576247,0.15658695702140302,0.1585427119858941
20260907,10.0,1000,10.0,0.04694379778142782,0.028009040295129406,0.0515952589432962,0.15816802204741198,0.16018438914687264
20260907,10.0,1000,25.0,0.015331397261641849,0.022412327600669024,0.029752027718397592,0.15966741406377977,0.16174242951236634
20260907,10.0,1000,50.0,0.005264468794909046,0.015175847917465402,0.01749235164746532,0.16025268118669483,0.16235090024137058
20260907,10.0,1000,100.0,0.0015807786978793625,0.009025580673723388,0.009599492560928286,0.16053140484042305,0.16264073595582082
20260908,0.5,50,0.0,2.0672535244112713,-0.9748465852266133,0.08423719499618854,0.0430597419600488,0.04309971698279369
20260908,0.5,50,0.1,1.1231168579897324,-0.5027152568358231,0.0686327790843213,0.04784665297274731,0.04790151491137911
20260908,0.5,50,0.25,0.6806733220836574,-0.2892296316403218,0.0563738594753836,0.05018423222293852,0.05024754525601562
20260908,0.5,50,0.5,0.3984143334453167,-0.15749891939511107,0.0445820963872124,0.05140841700251213,0.051476483682062334
20260908,0.5,50,1.0,0.19826685912067554,-0.06826647209936931,0.03208307994586561,0.051957025602521065,0.05202729775088721
20260908,0.5,50,2.0,0.08296362048189324,-0.020916366331320324,0.02089688205520489,0.05196522477761991,0.0520355302445584
20260908,0.5,50,5.0,0.02053368740264223,0.00013619010449394953,0.010377715506673508,0.05164394000608211,0.0517129477613965
20260908,0.5,50,10.0,0.006183973827016668,0.002640167145121497,0.005677669828242316,0.05141716425392803,0.05148526573051263
20260908,0.5,50,25.0,0.00112386757291745,0.0018858027999676397,0.0024135259755008595,0.05123512978241079,0.051302509562081745
20260908,0.5,50,50.0,0.0002941309075071491,0.001105629640657968,0.0012332655730906408,0.051164965950282644,0.05123206892714898
20260908,0.5,50,100.0,7.528931746487519e-05,0.0005962396805938575,0.0006235607272601328,0.051127886622986035,0.05119484362573825
20260908,0.75,75,0.0,6.016895223237326,-2.9616024225816076,0.08806740429525231,0.02728651985915561,0.02729668368116362
20260908,0.75,75,0.1,1.5623181677255267,-0.71835153625179,0.06655964194872688,0.040481548821208545,0.040514759331083894
20260908,0.75,75,0.25,0.8304428647006096,-0.3655067216079395,0.05489620695662832,0.04491061143394128,0.04495597158401487
20260908,0.75,75,0.5,0.46728927080380456,-0.19541923007112594,0.04280453714919659,0.045843880343637476,0.04589213056726372
20260908,0.75,75,1.0,0.23367582810995693,-0.08938351262216382,0.03041233881586237,0.04532176596962937,0.045368384669516586
20260908,0.75,75,2.0,0.10041719765576407,-0.03182379620919984,0.019792067275487327,0.04446830288742404,0.04451233467776921
20260908,0.75,75,5.0,0.025797819711437967,-0.003286827256528513,0.00993626129222512,0.04365218259911327,0.04369383203293588
20260908,0.75,75,10.0,0.007929979925883757,0.0014553793698446338,0.0054826675231639,0.04329832461282304,0.043338968426278754
20260908,0.75,75,25.0,0.0014644814718713904,0.0016263695402032319,0.002347408533523848,0.043048599174273575,0.043088543142642814
20260908,0.75,75,50.0,0.00038568047759396395,0.0010231121492676465,0.0012028849117154995,0.04295566217698242,0.04299534776178706
20260908,0.75,75,100.0,9.905416087875342e-05,0.0005681579514346113,0.0006091202747681167,0.04290680635825666,0.04294635656262587
20260908,0.9,90,0.0,8.218929191540685,-4.208676709497736,0.1356705845282333,0.0342306326372223,0.03425070491439508
20260908,0.9,90,0.1,1.9286831470710306,-0.9435090522458893,0.06167012680678309,0.03188719053772787,0.03190341424568521
20260908,0.9,90,0.25,1.0254697551241874,-0.48478441486589463,0.05065343308609568,0.035258220887844784,0.03528015683217409
20260908,0.9,90,0.5,0.5694122951848692,-0.25657615206750406,0.041571819687980516,0.03832059861798873,0.038348765935637796
20260908,0.9,90,1.0,0.2801781446160845,-0.11575627295940816,0.03119977766290321,0.04059764845376611,0.04063114576042088
20260908,0.9,90,2.0,0.11915037240229709,-0.04143238113017311,0.021020046668639755,0.041685839647525175,0.04172210585356405
20260908,0.9,90,5.0,0.03055725895997395,-0.005198035225434605,0.010728869790041895,0.041846087010903324,0.0418827734358296
20260908,0.9,90,10.0,0.009426349259556424,0.0010671791234558858,0.0059330315696185165,0.04161151127810984,0.04164758366757088
20260908,0.9,90,25.0,0.0017492030208645004,0.0016619487259681431,0.002539489729973831,0.041319279373909196,0.04135459645101157
20260908,0.9,90,50.0,0.00046173295396412814,0.001080080097097813,0.001300724474461667,0.041184882638073475,0.04121985592238798
20260908,0.9,90,100.0,0.00011874502696588355,0.0006073547804441581,0.0006584653188171666,0.0411091136744979,0.04114389412685729
20260908,0.95,95,0.0,10.274228460342027,-5.16598606972854,0.01856100564233941,0.004278139609037645,0.004278178759854201
20260908,0.95,95,0.1,1.8991551755825156,-0.9731674020654235,-0.014505169591534011,-0.007800523423937635,-0.007800760758539595
20260908,0.95,95,0.25,1.0582603706344191,-0.5385455971878232,-0.0011835787960746255,-0.000834505018142234,-0.0008345053087164594
20260908,0.95,95,0.5,0.6004319595558613,-0.2988920379098361,0.00750014152983886,0.006915675779427842,0.0069158411618911435
20260908,0.95,95,1.0,0.3001097484550971,-0.14272534541619186,0.010980474675275811,0.014161727345768885,0.014163147658635208
20260908,0.95,95,2.0,0.1295246986922538,-0.056522240436170046,0.009898647242307056,0.019297344671428636,0.01930093872032308
20260908,0.95,95,5.0,0.03373997340760733,-0.011236534160095735,0.006023449231242319,0.022903271471669626,0.02290928090425961
20260908,0.95,95,10.0,0.010482148340984192,-0.0017899302261878969,0.003542962422052609,0.024135519217580198,0.02414255204132203
20260908,0.95,95,25.0,0.0019544241387842182,0.0005983576254620093,0.0015765154533714796,0.024854145042086148,0.0248618251576273
20260908,0.95,95,50.0,0.0005167691832434769,0.0005667602675285544,0.0008183824898791947,0.025086240848744456,0.025094138206432828
20260908,0.95,95,100.0,0.00013301213243691038,0.00035594586607590184,0.00041711975261671133,0.025200349918072365,0.025208355568633947
20260908,0.98,98,0.0,54.79753020806069,-28.059028059812796,-0.49183424326417485,-0.047160888861683486,-0.0472134229429133
20260908,0.98,98,0.1,1.8491766799792826,-0.9677948355257668,-0.032582414275361404,-0.0177868515855634,-0.017789665885054703
20260908,0.98,98,0.25,1.0524547758874623,-0.5518401536288078,-0.016026779663423824,-0.011347404214213147,-0.011348134850982244
20260908,0.98,98,0.5,0.6060462088857937,-0.31377090326201174,-0.004065596672313251,-0.0037395171271097506,-0.003739543274065938
20260908,0.98,98,1.0,0.3061161745754364,-0.15386450671061946,0.0029346223932657043,0.003756619956992378,0.003756646464346808
20260908,0.98,98,2.0,0.13306270045871887,-0.06335569707704458,0.004849189289863724,0.00934299858737808,0.009343406396830373
20260908,0.98,98,5.0,0.03489942885275196,-0.014249950611822104,0.003612403012801327,0.013506312505239758,0.013507544587798301
20260908,0.98,98,10.0,0.010881774906774616,-0.003301266503587197,0.0022496903996751666,0.015025583620432138,0.015027280056895558
20260908,0.98,98,25.0,0.002034775177782286,7.536476254954572e-06,0.0010348818629640688,0.015958313786078898,0.015960346208444914
20260908,0.98,98,50.0,0.0005386212589068565,0.0002759057950807442,0.0005431762772656032,0.016270969771175266,0.016273124023460334
20260908,0.98,98,100.0,0.0001387201791739076,0.00021195430719933572,0.00027838364261441925,0.01642736551118227,0.01642958249066947
20260908,1.02,102,0.0,66.99214926101074,-33.22197048360666,0.2553162273352848,0.022573625158031498,0.02257937876176788
20260908,1.02,102,0.1,1.8124068038730192,-0.9631933481783788,-0.018319027863080116,-0.009752883646208584,-0.009753347520300236
20260908,1.02,102,0.25,1.0512167723306582,-0.555744321564626,-0.0038197719119068517,-0.002618590852055698,-0.0026185998299642394
20260908,1.02,102,0.5,0.6157516948533218,-0.31754713531057366,0.006440485449972428,0.005708941604815096,0.005709034640042317
20260908,1.02,102,1.0,0.31640660439889473,-0.1548398396469386,0.011576809620202832,0.01422760834884032,0.01422904857816467
20260908,1.02,102,2.0,0.1402052350730347,-0.062163299900148905,0.011396942059541162,0.020975626478479215,0.020980242397329776
20260908,1.02,102,5.0,0.03771183306046395,-0.012241303935348613,0.007430860676105163,0.026321934151082436,0.02633105739202918
20260908,1.02,102,10.0,0.011928749414053174,-0.0016757207904629645,0.004502153358236612,0.02833986423780678,0.028351251648893107
20260908,1.02,102,25.0,0.0022558181380436227,0.0008979640245475595,0.0020443956685242785,0.029584806790125887,0.029597762506192327
20260908,1.02,102,50.0,0.0005997313814461612,0.0007734565931928339,0.0010690007771769713,0.030000296191657908,0.030013805711310685
20260908,1.02,102,100.0,0.00015481433525316277,0.0004753248094973017,0.0005468945415102196,0.030207289511362596,0.030221080729138126
20260908,1.05,105,0.0,16.777252459968057,-9.031169271212416,-0.18952344611397803,-0.03257717274520621,-0.03259447314038091
20260908,1.05,105,0.1,1.8646355116016544,-0.9975671722127117,-0.029719955178616957,-0.01570011151473063,-0.01570204686025674
20260908,1.05,105,0.25,1.056973787955056,-0.5641733395053403,-0.01089173378007953,-0.007485637496020989,-0.007485847232818358
20260908,1.05,105,0.5,0.6144672515647795,-0.32201796846058595,0.0008834655497460364,0.0007866454332785256,0.0007866456766710769
20260908,1.05,105,1.0,0.31599829141252284,-0.15921382675615936,0.0071478696472991425,0.008804914628439235,0.008805255955487914
20260908,1.05,105,2.0,0.14107972896632312,-0.0661585319830773,0.00810625062223588,0.014881679443744758,0.014883327598483992
20260908,1.05,105,5.0,0.03854568048954843,-0.014673012900070947,0.0055609247238093355,0.01948879834921652,0.019492500455859735
20260908,1.05,105,10.0,0.012331049026879318,-0.0030269249733854142,0.0034160348657067546,0.021156968480542156,0.021161705183489605
20260908,1.05,105,25.0,0.0023556615897956735,0.00034882985960260626,0.0015634783004959086,0.022152591309094583,0.022158028861926377
20260908,1.05,105,50.0,0.0006289360895851759,0.0005023852919207039,0.000819653320340489,0.022476186006601267,0.022481865406408598
20260908,1.05,105,100.0,0.00016273111282138664,0.0003413963921943264,0.0004198713222862887,0.022635233296785913,0.02264103414969065
20260908,1.1,110,0.0,6.846992057383941,-3.4666938298594747,0.06214942161795794,0.017538295906905994,0.017540993847528254
20260908,1.1,110,0.1,1.8923747710965653,-0.9739531973063809,0.011148713975739131,0.005836085309164028,0.00583618469991986
20260908,1.1,110,0.25,1.0770947423251844,-0.5506678724107614,0.010829390545726467,0.007358420822451527,0.007358620046382407
20260908,1.1,110,0.5,0.627966156361541,-0.3140139556006003,0.013441686107160237,0.011802216210227062,0.01180303827507315
20260908,1.1,110,1.0,0.32363262318969327,-0.1548292286449513,0.01398414563461432,0.016953613061302844,0.01695605003273205
20260908,1.1,110,2.0,0.1445836219911299,-0.06369756732791454,0.011705426457541043,0.021138043550253408,0.021142767550773222
20260908,1.1,110,5.0,0.03952267599066339,-0.013456771070960993,0.007100352248295661,0.024482866913262243,0.024490207860691574
20260908,1.1,110,10.0,0.012653764290309963,-0.0023219048292191236,0.004225811492535086,0.025752311430908902,0.02576085490938036
20260908,1.1,110,25.0,0.002419963691216999,0.0006703695460837933,0.0019033477748059136,0.026532467294110088,0.026541811282482505
20260908,1.1,110,50.0,0.0006464686448550582,0.0006722000574700404,0.0009931257993866724,0.02679045681084115,0.02680007612740515
20260908,1.1,110,100.0,0.00016732370427463122,0.0004288931531120088,0.0005076009231727537,0.02691812592623465,0.02692788347109878
20260908,1.25,125,0.0,5.480679379451818,-2.785372336437763,0.02909981488374998,0.009221260701673489,0.009221652776179052
20260908,1.25,125,0.1,1.5807868873864306,-0.8412167626137397,-0.011761433431145558,-0.006778617888604822,-0.006778773631567347
20260908,1.25,125,0.25,0.9354803758471959,-0.49935090648580527,-0.005537738928973525,-0.0040853230490409285,-0.004085357141211564
20260908,1.25,125,0.5,0.5855994139542303,-0.3085334533416286,0.0010448865221187767,0.0009664582613944001,0.0009664587127508126
20260908,1.25,125,1.0,0.3281884421241382,-0.16809352149133105,0.005505908938797868,0.0067734084058442365,0.006773563790001096
20260908,1.25,125,2.0,0.15842917024112363,-0.07707833121979002,0.006717290207613661,0.011879333503696955,0.011880171789666865
20260908,1.25,125,5.0,0.04673031854718994,-0.019604568602520134,0.005055468268375809,0.016481887027306703,0.016484126157247918
20260908,1.25,125,10.0,0.015511194195092514,-0.004898709866418827,0.003253891111971412,0.01843963276120208,0.018442768483366498
20260908,1.25,125,25.0,0.0030457959622572747,-4.242437709756075e-05,0.0015414271713572747,0.019740180149991876,0.019744027398920994
20260908,1.25,125,50.0,0.0008217580304088649,0.0003984110401417107,0.0008185720775689871,0.02019393536408969,0.020198054117030986
20260908,1.25,125,100.0,0.00021380445663287626,0.0003164984271496474,0.00042215771850595996,0.0204241401241323,0.020428401376420453
20260908,1.5,150,0.0,2.7938858574783527,-1.5683444671114004,-0.09962803054207323,-0.042814516352951686,-0.04285381166186225
20260908,1.5,150,0.1,1.485066911896221,-0.8376383772783518,-0.05893269815652042,-0.03456116220274483,-0.03458182191637456
20260908,1.5,150,0.25,0.9565717868880862,-0.5315452851606726,-0.03273509655436101,-0.023864866580674823,-0.02387166538580412
20260908,1.5,150,0.5,0.607137561875707,-0.32984982191757606,-0.014062117529572917,-0.01283582146998477,-0.012836879004809263
20260908,1.5,150,1.0,0.33942103102775517,-0.1773859940524085,-0.0007526416839379735,-0.0009156458871853541,-0.0009156462710277351
20260908,1.5,150,2.0,0.1645411872811548,-0.08009223723717263,0.005721764902962262,0.009962236756691641,0.009962731150369468
20260908,1.5,150,5.0,0.04970267326445507,-0.019429907104845157,0.006517844790882912,0.02058548265536017,0.020589845715724045
20260908,1.5,150,10.0,0.016856313190145304,-0.004051932411382131,0.004720560087836471,0.02557654708931191,0.025584916769832718
20260908,1.5,150,25.0,0.003379677745546973,0.0006777114392805261,0.002413069487131988,0.029186576523773145,0.02919901585553137
20260908,1.5,150,50.0,0.0009201319539938409,0.0008559404337206145,0.001317101205266406,0.03052876667033726,0.03054300311310737
20260908,1.5,150,100.0,0.0002406088671588283,0.0005744003545599119,0.0006890272415879157,0.031230870995075294,0.031246112931054636
20260908,2.0,200,0.0,1.3842082450676243,-0.704768756071043,0.032373416720387536,0.019999619098018107,0.020003620069767095
20260908,2.0,200,0.1,1.0380397918876119,-0.5127746834699212,0.04052856851336089,0.028684415823785104,0.028696223818118604
20260908,2.0,200,0.25,0.7715745168158389,-0.3652037316288812,0.04644517325293936,0.03783914238429292,0.037866260563849403
20260908,2.0,200,0.5,0.5454120164596717,-0.2417701639150931,0.04946190658604327,0.04755739961043157,0.04761127144352037
20260908,2.0,200,1.0,0.339372076567292,-0.13329892534395427,0.047982367952562124,0.05799540026199306,0.05809317978140782
20260908,2.0,200,2.0,0.1813705294985219,-0.05589374548829151,0.040883425852269506,0.06709187652229237,0.06724338921923487
20260908,2.0,200,5.0,0.06051029370909529,-0.0053690004493880394,0.026719688061476277,0.07542535129370011,0.07564081786406572
20260908,2.0,200,10.0,0.021593835037568693,0.0054675755008180005,0.016790000693168366,0.07915019328839067,0.07939929251951301
20260908,2.0,200,25.0,0.004509978726031707,0.005650864996460392,0.007937008632036118,0.08176760233999066,0.08204232738062034
20260908,2.0,200,50.0,0.0012483705475222645,0.0036287470836599,0.004226043938227283,0.08272227312220869,0.08300676724877519
20260908,2.0,200,100.0,0.00032941288665069076,0.002045175968564128,0.0021841775241205827,0.08321708411601685,0.08350673197476768
20260908,3.0,300,0.0,0.7916415093094803,-0.3212021616615566,0.09670850978198155,0.0777024974923741,0.07793813639912682
20260908,3.0,300,0.1,0.6958416405836682,-0.2738896425189534,0.09375264358427501,0.0803315793303168,0.0805920369651974
20260908,3.0,300,0.25,0.587345833644716,-0.22102040317207283,0.08965092805877128,0.08359667354758743,0.08389031717897123
20260908,3.0,300,0.5,0.4630200303613897,-0.16167523115539728,0.08359173387051679,0.08777977306808649,0.08811992429832043
20260908,3.0,300,1.0,0.3187019283985454,-0.09531091953445281,0.07376034208239839,0.0933743287907824,0.09378406446569121
20260908,3.0,300,2.0,0.1860424897453326,-0.03868228220868741,0.05999687286114346,0.09948759337084478,0.099983631901173
20260908,3.0,300,5.0,0.06903985723687947,0.0025960736046602984,0.03896138074334796,0.10629443485233413,0.10690005587351162
20260908,3.0,300,10.0,0.026417190476231926,0.011097453075069486,0.02482286004419735,0.10970269752657044,0.1103688346857642
20260908,3.0,300,25.0,0.005887999611694817,0.0090233345522851,0.011964153904310229,0.11223339537099804,0.1129470089041857
20260908,3.0,300,50.0,0.0016769530726652802,0.0056492790750558575,0.006433265777807753,0.11319164813984009,0.11392381676201499
20260908,3.0,300,100.0,0.00044967065962818145,0.0031624568500239203,0.003344391236826913,0.11369804587892045,0.11444014998571395
20260908,5.0,500,0.0,0.4007513289607466,-0.10676902840333313,0.10571178884223563,0.11603356318279151,0.1168226660542165
20260908,5.0,500,0.1,0.3784366049331797,-0.09742366993819518,0.10318700624427572,0.11648804612358987,0.11728652176682076
20260908,5.0,500,0.25,0.34876238539412224,-0.08517244927173762,0.09965559314252424,0.1170998748781719,0.11791108623849092
20260908,5.0,500,0.5,0.3073770594713814,-0.06846542494544994,0.09435527644080498,0.11796980713022415,0.11879936139803345
20260908,5.0,500,1.0,0.24573820065768337,-0.04457945607351799,0.08547139378946747,0.11931174497262159,0.12017013933708394
20260908,5.0,500,2.0,0.16999407326598232,-0.01749854799419115,0.07229651412284564,0.12107445164228652,0.12197174544626484
20260908,5.0,500,5.0,0.07813134740239608,0.009132477921133142,0.05014936461765149,0.12355403852967961,0.12450803835912652
20260908,5.0,500,10.0,0.03416766293465989,0.015872395523452765,0.03361430224166798,0.12509573343370411,0.1260861812801517
20260908,5.0,500,25.0,0.00864346704301906,0.012753282316699255,0.017092363385685438,0.12642346705392582,0.1274460477349538
20260908,5.0,500,50.0,0.0026104400705355742,0.008197488478001391,0.00943352874883382,0.1269746131803252,0.12801073628887627
20260908,5.0,500,100.0,0.0007244756575779454,0.004679071036568949,0.004981014624058084,0.12727714116002647,0.12832074899469495
20260908,7.0,700,0.0,0.26543646220139555,-0.036662264803890565,0.10111884054553384,0.1361821249702558,0.13746275288392687
20260908,7.0,700,0.1,0.25581090078647367,-0.0333050079296584,0.09944951847010049,0.1363936070911362,0.13768026706422343
20260908,7.0,700,0.25,0.2424460682912165,-0.028717322173458015,0.09705813918865429,0.13668345182299,0.1379784101393822
20260908,7.0,700,0.5,0.2226421594180212,-0.022090176916875315,0.09334453957957087,0.13710395931417318,0.1384110211103977
20260908,7.0,700,1.0,0.19029830954773605,-0.011768033365312736,0.08678174950006433,0.13776365309902244,0.13908985665032061
20260908,7.0,700,2.0,0.1448545142966349,0.0014123044939712281,0.07625273194670465,0.13861729924221883,0.1399685524938099
20260908,7.0,700,5.0,0.077799206013481,0.016405081059728488,0.05632791806232845,0.13962944312367306,0.14101080943572064
20260908,7.0,700,10.0,0.03819929454789001,0.02015565985174561,0.03954661560153828,0.13995365852284103,0.1413447659651507
20260908,7.0,700,25.0,0.010882621337747667,0.01571023652391368,0.02106269313616193,0.13982175594050855,0.1412088947492568
20260908,7.0,700,50.0,0.0034806491119325146,0.010258699426771711,0.011880982912433339,0.13957911870396264,0.14095897715648767
20260908,7.0,700,100.0,0.0009997126221797585,0.005939703672306451,0.006354515684505222,0.13937826270482304,0.1407521140442449
20260908,10.0,1000,0.0,0.18139429025336895,-0.002711262385545199,0.09183499948796238,0.1447416598609296,0.1462820862926367
20260908,10.0,1000,0.1,0.17701069057421515,-0.0014571487988577214,0.09081457310585532,0.14490650658137638,0.14645225863816658
20260908,10.0,1000,0.25,0.17075592294865985,0.00030534173790841557,0.08932989616453509,0.14514237554272366,0.1466957693739152
20260908,10.0,1000,0.5,0.1611093451473887,0.0029577681274894907,0.08697030235728999,0.14550768969044386,0.14707296955661472
20260908,10.0,1000,1.0,0.1442999568884899,0.007369006956781665,0.08263636743943797,0.1461488669983814,0.14773515721230177
20260908,10.0,1000,2.0,0.11814858254300725,0.01359663128588029,0.07522936976627166,0.14715884708397464,0.14877861893933322
20260908,10.0,1000,5.0,0.07257642876522734,0.021768981874838333,0.05956103763954399,0.14896259444958249,0.15064334765932447
20260908,10.0,1000,10.0,0.039933291191169985,0.023809519382083977,0.04447804607816965,0.15030641887646431,0.15203360281208994
20260908,10.0,1000,25.0,0.012986883820754774,0.018930783250762473,0.025489328389438917,0.15149697365793469,0.1532660126779417
20260908,10.0,1000,50.0,0.004458626723009413,0.012804703243080584,0.014953537764994113,0.15193154134884537,0.15371602777103396
20260908,10.0,1000,100.0,0.0013395632324651214,0.007616699455562426,0.008198830827631927,0.15212906065035559,0.15392059835733332
20260909,0.5,50,0.0,2.735105061055034,-1.3378014133913663,0.013629194589264558,0.005667093106829778,0.005667184111045027
20260909,0.5,50,0.1,1.2324221002162028,-0.5987091993083018,0.014202589019448368,0.008820624789373009,0.008820967946792218
20260909,0.5,50,0.25,0.706193897791403,-0.34025658170186657,0.011265888736459331,0.009273538360234633,0.009273937141213693
20260909,0.5,50,0.5,0.40071498704686154,-0.19184121180555236,0.007570681347537013,0.008289943785321498,0.008290228655604057
20260909,0.5,50,1.0,0.1940799793030328,-0.09275142417914606,0.0037716820876066474,0.005939117684075292,0.005939222432448415
20260909,0.5,50,2.0,0.07939725107914192,-0.03832050811319343,0.0011268621816090038,0.0027739182560783796,0.0027739289282668698
20260909,0.5,50,5.0,0.019308664422580127,-0.009791445447037361,-0.00021462610977256546,-0.0010710269584805697,-0.0010710275727679386
20260909,0.5,50,10.0,0.005784296529645909,-0.003199254734604695,-0.00033340897844203545,-0.003039805078937443,-0.0030398191235648767
20260909,0.5,50,25.0,0.001048886857191623,-0.0007288223074692901,-0.00020956885265077852,-0.004487555686178964,-0.004487600872409756
20260909,0.5,50,50.0,0.0002743832775236681,-0.0002558374806083119,-0.00012002971879466376,-0.00502564806441063,-0.005025711532357422
20260909,0.5,50,100.0,7.022377015138701e-05,-9.887474478875724e-05,-6.411223662731563e-05,-0.005306432249776615,-0.0053065069612063245
20260909,0.75,75,0.0,14.796127560798336,-7.191286838777179,-0.014003986493158323,-0.0025925958139073977,-0.0025926045270864783
20260909,0.75,75,0.1,1.5152515650286613,-0.7363300999264191,0.004090456911544457,0.0022923662804306267,0.002292372303581622
20260909,0.75,75,0.25,0.8353978788421722,-0.3953783731393543,0.014435106355725891,0.010968927587569526,0.010969587523394239
20260909,0.75,75,0.5,0.4859803004230158,-0.22284072699132795,0.016970847216520524,0.017008384934951756,0.017010845605503658
20260909,0.75,75,1.0,0.24669942719493937,-0.10745344440449456,0.01498530919310006,0.021191224100257474,0.021195983853495266
20260909,0.75,75,2.0,0.10642119684507222,-0.042144456873005165,0.010838307296261706,0.023444708396782594,0.02345115429716585
20260909,0.75,75,5.0,0.027444840486120805,-0.00793172311463164,0.005732942360769924,0.024540016525783796,0.02454740901609851
20260909,0.75,75,10.0,0.008469931170995575,-0.0010078714541563727,0.0032037829821440567,0.024748230728370353,0.02475581304690268
20260909,0.75,75,25.0,0.0015708018219737396,0.0006001037334911752,0.0013797993281251253,0.02479766257367235,0.024805290431554935
20260909,0.75,75,50.0,0.0004144589447331969,0.000502741551999808,0.0007082124718496856,0.024796960809860855,0.024804588019966697
20260909,0.75,75,100.0,0.00010655741329470882,0.00030615265916811296,0.0003588990238220369,0.024792809142861163,0.02480043252144056
20260909,0.9,90,0.0,37.31984903016658,-17.238595326918038,0.05870668929183075,0.006822448797257691,0.006822607580995259
20260909,0.9,90,0.1,2.2672732796483572,-1.0480228107450857,0.017742319812767367,0.00820821137684618,0.008208487903848554
20260909,0.9,90,0.25,1.0614972346004112,-0.4865038615902533,0.023545532543965977,0.01582754865107449,0.015829531513494276
20260909,0.9,90,0.5,0.5670080070592654,-0.25469346415992344,0.022882988505315723,0.02098461842006735,0.020989240279100423
20260909,0.9,90,1.0,0.28028907414440946,-0.12054983882228854,0.01863383164639667,0.024262501859846256,0.024269646305597515
20260909,0.9,90,2.0,0.1225413224265717,-0.04828049447278504,0.013025835417120489,0.025634234315074993,0.025642660774886316
20260909,0.9,90,5.0,0.03266250911790281,-0.009612477892859683,0.006768384399868409,0.025811381523055302,0.025819983946681287
20260909,0.9,90,10.0,0.010275383048693945,-0.001393233006868222,0.003757545957893189,0.025566948816586246,0.025575309074733987
20260909,0.9,90,25.0,0.0019336178905522688,0.000642000993627545,0.0016101101562483115,0.02527529099189693,0.025283368299864398
20260909,0.9,90,50.0,0.0005130017596931565,0.0005681188558530614,0.0008247118357563039,0.025143646032491987,0.025151597746432677
20260909,0.9,90,100.0,0.00013227387922842805,0.0003513865212201317,0.00041745955883319095,0.025069912828041434,0.02507779477032954
20260909,0.95,95,0.0,61.61287153121836,-28.83865751230015,0.10102488262886718,0.00913790715948166,0.009138288697155461
20260909,0.95,95,0.1,2.3132347674809837,-1.0666536709395587,0.03394979229025106,0.015435923397114632,0.01543776266702296
20260909,0.95,95,0.25,1.099309125537945,-0.5042757260668589,0.030319919224320237,0.019859137770473823,0.019863055005716876
20260909,0.95,95,0.5,0.5831683970106751,-0.2623168879897986,0.02647521144665586,0.023743416844827562,0.023750112349667774
20260909,0.95,95,1.0,0.2856888720844438,-0.122288635497388,0.021023510495257546,0.026952910817834696,0.02696270625287875
20260909,0.95,95,2.0,0.1247441316968753,-0.04797906247584893,0.01496317473926576,0.029110194242288036,0.029122536125673948
20260909,0.95,95,5.0,0.03348845370877784,-0.00880039090683482,0.00811121717540299,0.030581372684285985,0.030595682883573855
20260909,0.95,95,10.0,0.010600171790517586,-0.0007249556480710684,0.004622118075500792,0.031047222685542372,0.031062197187439546
20260909,0.95,95,25.0,0.002005654317849763,0.001011943875562027,0.0020220514132722705,0.0312827644901949,0.031298082568205654
20260909,0.95,95,50.0,0.0005333027346380939,0.0007757893914486225,0.001044057974116168,0.031346597486709406,0.03136200957281477
20260909,0.95,95,100.0,0.0001376748119994601,0.0004616011001551401,0.0005307456806957295,0.03137456767023315,0.03139002106955755
20260909,0.98,98,0.0,67.57327835360896,-31.15844782764055,0.22325921816407918,0.019732379018120954,0.01973622170677579
20260909,0.98,98,0.1,2.321965031848843,-1.0768727910149227,0.03078549082406492,0.014076419726981369,0.014077814524526876
20260909,0.98,98,0.25,1.1477557689395756,-0.5347684323849395,0.022587837910823756,0.014597186873777092,0.014598742291054569
20260909,0.98,98,0.5,0.6302377728978681,-0.29178067501809535,0.017566415915863737,0.015298938113355235,0.015300728843372028
20260909,0.98,98,1.0,0.3158077784556634,-0.14268398265437865,0.013275661698622094,0.016357821030279707,0.016360009968617768
20260909,0.98,98,2.0,0.1394304117129365,-0.05969129876218893,0.00930576891022663,0.01730093020624818,0.017303520063788647
20260909,0.98,98,5.0,0.037695556928950553,-0.013646755087124873,0.004992711981300712,0.017906695295233543,0.017909566874393396
20260909,0.98,98,10.0,0.011967951268691915,-0.0030843095594226266,0.0028259650527655837,0.01801706357311014,0.018019988586016267
20260909,0.98,98,25.0,0.002269678988623745,0.00010937772594632467,0.0012286583055088416,0.018010557086667964,0.018013478931282433
20260909,0.98,98,50.0,0.0006040594521800767,0.0003351014410493125,0.0006327329634010331,0.017987666393892852,0.017990577110220684
20260909,0.98,98,100.0,0.0001560184484792894,0.0002443836828284196,0.00032118125290826847,0.01797099227796179,0.017973894906001778
20260909,1.02,102,0.0,52.178682705616254,-23.65904021715438,0.2846423306678807,0.03006275059468619,0.03007634470044878
20260909,1.02,102,0.1,2.264668929258086,-1.0543648000614723,0.04542118756973361,0.020703330514684752,0.020707768954047707
20260909,1.02,102,0.25,1.1413734646259595,-0.5292951321741253,0.031773458253853276,0.020341567652223152,0.020345777419274545
20260909,1.02,102,0.5,0.6330148923709366,-0.2887149943025773,0.02375429008695402,0.02049381865900305,0.020498123682233853
20260909,1.02,102,1.0,0.3198443803794719,-0.1407011504100597,0.017394135145534142,0.02121380546391481,0.021218580452779134
20260909,1.02,102,2.0,0.14257254610201903,-0.058427755695694916,0.011961566898647346,0.021945616277381005,0.02195090280192767
20260909,1.02,102,5.0,0.039089370981304404,-0.012905176534654617,0.006316878793473467,0.02223009157095268,0.02223558640726435
20260909,1.02,102,10.0,0.012524544073695116,-0.0025984823765705656,0.0035416115053200584,0.022067462878184556,0.02207283796980128
20260909,1.02,102,25.0,0.0023944259684081886,0.000355547238058862,0.0015260493347444993,0.021784828785113494,0.021789999934346944
20260909,1.02,102,50.0,0.0006394047857116241,0.00047066853933119823,0.0007827765008469525,0.021638738158177868,0.02164380594509627
20260909,1.02,102,100.0,0.0001654527413020748,0.00031581068445052374,0.00039645889991733816,0.021552708210654813,0.021557715779030512
20260909,1.05,105,0.0,40.97882772888432,-18.40659341824669,0.42680444415472035,0.050618173283994546,0.05068314509203034
20260909,1.05,105,0.1,2.2236750180666816,-1.0284588636944263,0.05214620482683788,0.024068204813378635,0.024075178940081775
20260909,1.05,105,0.25,1.1221564179250645,-0.5175387558284326,0.03681827582292276,0.02383224428998178,0.023839015244239575
20260909,1.05,105,0.5,0.6285512911933361,-0.2858482487536633,0.027344840462576743,0.02368279525001086,0.023689439586538522
20260909,1.05,105,1.0,0.32136680940420526,-0.14152335322415155,0.019440040206829642,0.023612975349567827,0.02361956107779913
20260909,1.05,105,2.0,0.1444963679508567,-0.05970411116340224,0.012772745456446969,0.023211148901599487,0.023217404018709583
20260909,1.05,105,5.0,0.039821555589487787,-0.013589196698757133,0.0063379699055961915,0.02202364638068006,0.022028989510217294
20260909,1.05,105,10.0,0.012774848808583516,-0.0029494592975001233,0.0034265194699888116,0.021067016401483774,0.02107169293116435
20260909,1.05,105,25.0,0.0024434056462211604,0.00021706923378406184,0.0014333416613570888,0.020185061734540165,0.02018917505916754
20260909,1.05,105,50.0,0.000652541537406633,0.0004022258148984603,0.000726593167011123,0.019813589560785237,0.0198174798992329
20260909,1.05,105,100.0,0.0001688568687632916,0.00028184354614801954,0.0003656710714022096,0.019609533015959177,0.01961330436763051
20260909,1.1,110,0.0,20.948006132183902,-9.579932788935626,0.39316613497395475,0.061471317425819044,0.06158778915212142
20260909,1.1,110,0.1,2.22513744109745,-0.9478264681015158,0.10973165046967684,0.050909420147199916,0.050975521394355565
20260909,1.1,110,0.25,1.1356131203532813,-0.4705646100777048,0.07845304378085999,0.051035053503707704,0.051101645971135576
20260909,1.1,110,0.5,0.6433485707022534,-0.25627833359111896,0.05820860094139517,0.05044875895545804,0.050513079752695096
20260909,1.1,110,1.0,0.3332998223349606,-0.12346558458873358,0.04079844629562127,0.04923686235162924,0.04929665277468368
20260909,1.1,110,2.0,0.1516962647198521,-0.04856910565790029,0.02654488849107799,0.047543227758540155,0.04759705139090205
20260909,1.1,110,5.0,0.042286902750149624,-0.007670222728191289,0.013304447234083801,0.0451624841323391,0.04520861253846761
20260909,1.1,110,10.0,0.013631673764324061,0.0005526438216038043,0.007311552060960614,0.043724523313437784,0.0437663803546112
20260909,1.1,110,25.0,0.002615186697804466,0.0018192368213102439,0.00311456475622797,0.042532347161266824,0.04257086995478025
20260909,1.1,110,50.0,0.0006990965786871837,0.0012461596973678546,0.0015920641158464219,0.042053280265300835,0.04209051481746207
20260909,1.1,110,100.0,0.0001809883949087053,0.0007156390512489397,0.0008050396025043844,0.04179448276772726,0.041831033517274324
20260909,1.25,125,0.0,9.83999719925609,-4.67536693870066,0.08996750683625593,0.020378521267222637,0.020382754023843534
20260909,1.25,125,0.1,2.333287774625082,-1.0409115486690048,0.11775113427794776,0.05306425178526624,0.05313911948583383
20260909,1.25,125,0.25,1.2056519561610957,-0.5056222030351203,0.09557474622562666,0.06002037251469111,0.060128775538671
20260909,1.25,125,0.5,0.6714590982546861,-0.26119311357796215,0.07324297009084361,0.061894335022863824,0.06201323251972807
20260909,1.25,125,1.0,0.34320046637480883,-0.11903156809457816,0.05115272452451771,0.06077125096549944,0.0608837812737778
20260909,1.25,125,2.0,0.15652994447555585,-0.044568588462739145,0.03256302491727689,0.05754520764586937,0.05764072400021732
20260909,1.25,125,5.0,0.0445154822300709,-0.005952186355942635,0.015791622437512975,0.0525583367207746,0.05263108048135903
20260909,1.25,125,10.0,0.014600982467466722,0.0014282503635636434,0.00852174256496381,0.04962848731136613,0.049689717595048095
20260909,1.25,125,25.0,0.002848193536180582,0.002203961323742898,0.003581012816570463,0.04729645338329454,0.04734944230742186
20260909,1.25,125,50.0,0.0007669200376860559,0.001451463363161487,0.0018213146571097187,0.04638715882805865,0.04643714672801271
20260909,1.25,125,100.0,0.00019935166997320006,0.000822671680949183,0.0009185669844627505,0.04590282573331646,0.04595126251148584
20260909,1.5,150,0.0,4.681438043413951,-2.1858667031896424,0.054480737934063675,0.017070300751862413,0.017072788397117115
20260909,1.5,150,0.1,2.150410155226984,-0.9519795054507143,0.089661827625426,0.041826337624421873,0.041862972085577224
20260909,1.5,150,0.25,1.2297385324030996,-0.5150776020313248,0.08294081549663587,0.05169481641539493,0.05176402859176465
20260909,1.5,150,0.5,0.7121239383908492,-0.2796822233446281,0.0674577723718263,0.055682096787749276,0.05576861909282491
20260909,1.5,150,1.0,0.3705822552781238,-0.13278980489552894,0.04818201210862836,0.05542857703594026,0.055513921101151546
20260909,1.5,150,2.0,0.17128039090347688,-0.05319867939486067,0.03050193425510409,0.051752515942792066,0.05182196044452518
20260909,1.5,150,5.0,0.049937367727615534,-0.00998707599183013,0.01439448601369432,0.04528974968464538,0.04533626955549846
20260909,1.5,150,10.0,0.016706726345891515,-0.0005381264543329323,0.007607794356116678,0.04140348180651696,0.04143901542239799
20260909,1.5,150,25.0,0.0033208307201650984,0.0015220154706307998,0.0031383658126042046,0.03832714773127721,0.03835532950367372
20260909,1.5,150,50.0,0.0009014783127625189,0.001145817878100197,0.001584054390935489,0.03713797837399081,0.037163615793468906
20260909,1.5,150,100.0,0.0002353897786625551,0.0006813406677436129,0.0007955966364561673,0.036507684241093026,0.036532037509254926
20260909,2.0,200,0.0,2.02679129351231,-0.9628749803238899,0.08185857790221218,0.0403545829262274,0.04038748167826634
20260909,2.0,200,0.1,1.4869959777938635,-0.6917003065787024,0.07469527824906964,0.04290420651682547,0.04294374952563567
20260909,2.0,200,0.25,1.0557588811401108,-0.47687752300333974,0.06624938513847246,0.0450996630653368,0.045145599049382534
20260909,2.0,200,0.5,0.7004701395392253,-0.303188723062189,0.0557773315496478,0.04658654116422955,0.0466371771214432
20260909,2.0,200,1.0,0.40241141148262843,-0.16265800380304696,0.042243619256859405,0.04655922940678915,0.04660977626228201
20260909,2.0,200,2.0,0.19938568355544597,-0.07256277817632073,0.02817777044425405,0.04414906845836661,0.04419215782208987
20260909,2.0,200,5.0,0.06220480593954344,-0.01738112466917663,0.013765118951214638,0.03862567061871963,0.038654516538530456
20260909,2.0,200,10.0,0.02163244987791277,-0.003487235930010657,0.007293441033523166,0.03469727484928034,0.03471817976665797
20260909,2.0,200,25.0,0.004448951390137183,0.0007737635935890497,0.00298273084291269,0.03127848935477445,0.03129380115041537
20260909,2.0,200,50.0,0.001225437623577987,0.0008884189092043249,0.00149583336734687,0.02988282384899194,0.02989617522082329
20260909,2.0,200,100.0,0.0003225927625718615,0.0005884496673919104,0.0007481171767692674,0.02912611770562375,0.02913847986196341
20260909,3.0,300,0.0,0.9149090158798675,-0.3859567907356951,0.08281350779677372,0.061794629553156094,0.06191295228160053
20260909,3.0,300,0.1,0.7965971296125854,-0.3294898185230044,0.07849706784017185,0.06283991673705665,0.06296435827373859
20260909,3.0,300,0.25,0.6669494226516296,-0.268420697480102,0.07286356697401715,0.06384152983858893,0.06397202965510379
20260909,3.0,300,0.5,0.5229797977120582,-0.20193314636525517,0.06521419088649015,0.06466337865321516,0.06479899428554482
20260909,3.0,300,1.0,0.36017502988214695,-0.12918220976439843,0.054179704041699535,0.0649444378738937,0.0650818333307763
20260909,3.0,300,2.0,0.21228938119626367,-0.06665633879039756,0.040872402496031524,0.06406857463496271,0.06420047461382554
20260909,3.0,300,5.0,0.08055224359732455,-0.016531040712795875,0.02397041434426744,0.061271102544017284,0.06138643777870767
20260909,3.0,300,10.0,0.03136866288688697,-0.001339448832733403,0.014361684782036714,0.05893582019261197,0.059038442357917796
20260909,3.0,300,25.0,0.007120228605005464,0.0030294745277117396,0.006579306181351388,0.056720194186014296,0.05681165447778793
20260909,3.0,300,50.0,0.0020458093298358626,0.002449325639160227,0.0034672354251852363,0.05577259276876749,0.055859538274262585
20260909,3.0,300,100.0,0.0005514529318171584,0.0015093303491787724,0.0017832006278952605,0.05524936235328977,0.055333880014111214
20260909,5.0,500,0.0,0.41711962032157524,-0.1072030223551752,0.09057957160945355,0.09907467589099661,0.09956453328484091
20260909,5.0,500,0.1,0.3956215091572185,-0.09899612515972311,0.088593582511622,0.0995358935910171,0.10003265855153093
20260909,5.0,500,0.25,0.36689343680484804,-0.08817222037090322,0.08579838122269497,0.10014941504287392,0.10065546957605263
20260909,5.0,500,0.5,0.326524464490059,-0.07326984457941288,0.0815656689510107,0.10100241160546991,0.1015215745774998
20260909,5.0,500,1.0,0.2655853992925614,-0.05158019932652835,0.0743732523492659,0.10225615962611607,0.10279500072476444
20260909,5.0,500,2.0,0.18882351202854547,-0.026082288434114975,0.06348922400511482,0.10373817739012275,0.10430091835932681
20260909,5.0,500,5.0,0.09110949604781095,0.0014001655902892152,0.044642177291500676,0.10535669250384647,0.10594633724038224
20260909,5.0,500,10.0,0.04128125733514528,0.010566603047364675,0.03016712719187031,0.10599733471195202,0.10659786295410939
20260909,5.0,500,25.0,0.010780295206406732,0.010310799458951414,0.015430126720488714,0.10628497214387621,0.10689043051283549
20260909,5.0,500,50.0,0.0032978769111246405,0.006966758770214798,0.008532083976456037,0.10633023298383694,0.10693646959628397
20260909,5.0,500,100.0,0.0009215145340678113,0.004072024779486205,0.004508784676676787,0.10633688852138976,0.10694323963004831
20260909,7.0,700,0.0,0.27669020898079427,-0.06168876443469551,0.0717146490255329,0.0946058564623586,0.09503209369764226
20260909,7.0,700,0.1,0.2675288431987841,-0.05844173874592795,0.07059225327519347,0.0947133049405971,0.09514100270029849
20260909,7.0,700,0.25,0.2547522821047763,-0.0539482053532252,0.06898852381728089,0.09486401344678852,0.09529376540958125
20260909,7.0,700,0.5,0.23568909531807788,-0.04732501341333628,0.06650598954801676,0.09509106475500649,0.09552392398398195
20260909,7.0,700,1.0,0.2041697503203714,-0.036617376316467665,0.06213395689546844,0.09547397812785868,0.09591211174213993
20260909,7.0,700,2.0,0.158885141006529,-0.021900335478918675,0.05512529352025349,0.09604925216481525,0.09649539063434194
20260909,7.0,700,5.0,0.08905416550757927,-0.0016643191589460482,0.04168930475934681,0.09705538792876234,0.09751576161111945
20260909,7.0,700,10.0,0.045290686149724965,0.007858226935061552,0.029978773357803547,0.09786442447396279,0.09833646348885791
20260909,7.0,700,25.0,0.013373095108823741,0.009890125226881263,0.01644191164318366,0.09874474356637597,0.0992296994073226
20260909,7.0,700,50.0,0.00434603144704303,0.0072856509941032765,0.009416941152031373,0.0991801664319784,0.09967159800941121
20260909,7.0,700,100.0,0.0012594005500838645,0.004466202790907481,0.005083589595728137,0.09944116025771473,0.09993650111191581
20260909,10.0,1000,0.0,0.1967219415310016,-0.01177975590537872,0.08196788988970172,0.12804198338951375,0.12910467645196955
20260909,10.0,1000,0.1,0.19234978931758806,-0.010652987980590112,0.0810170312655888,0.12799461556194325,0.12905611986046372
20260909,10.0,1000,0.25,0.1860841515676796,-0.009055654646949574,0.07963675195615369,0.12792577197214475,0.12898555014218582
20260909,10.0,1000,0.5,0.17635697699577182,-0.00661869024560624,0.07745055204777301,0.12781661989435372,0.1288736651581855
20260909,10.0,1000,1.0,0.1592166630930225,-0.002463426321040574,0.07345754307820596,0.12761735104655386,0.12866941937181178
20260909,10.0,1000,2.0,0.13204569347925849,0.0036947130328413014,0.06669335295639937,0.12728201593466096,0.1283257446719795
20260909,10.0,1000,5.0,0.08309556428699078,0.012888434621231792,0.052582350437675354,0.12660209950608453,0.12762905627021368
20260909,10.0,1000,10.0,0.04662355285603794,0.016871827510644866,0.03917127390279384,0.12598782744184212,0.12699978875079782
20260909,10.0,1000,25.0,0.015463345820188377,0.015008034342695042,0.02241409996709802,0.12525316073696163,0.12624738240819272
20260909,10.0,1000,50.0,0.00535444678086513,0.010578796468134866,0.013143925439884158,0.12484901882968617,0.12583357192595768
20260909,10.0,1000,100.0,0.0016161441733280706,0.006431540740838848,0.007205133303884514,0.12458519770610876,0.1255634735592446
20260910,0.5,50,0.0,1.8734295173338478,-0.9085520763900308,0.021567128039832878,0.011092771329059186,0.011093453872452853
20260910,0.5,50,0.1,1.174244287089657,-0.5711889935994172,0.013080322033193157,0.00854489370436349,0.008545205675044918
20260910,0.5,50,0.25,0.7455605271760362,-0.36428725544626217,0.007297764310716417,0.006012628664702282,0.006012737351033437
20260910,0.5,50,0.5,0.4509127228479126,-0.221474897365868,0.0034705237873830547,0.003692690382068595,0.003692715559019419
20260910,0.5,50,1.0,0.23525134659242228,-0.11613615897059737,0.001224426158867498,0.0018104241187519982,0.0018104270857144632
20260910,0.5,50,2.0,0.10473782645626238,-0.05181576111052144,0.00039140911929927636,0.0008695361778625663,0.0008695365065879329
20260910,0.5,50,5.0,0.0280293736645777,-0.01377768611395358,0.00017555003471646008,0.0007551086885877928,0.0007551089038652685
20260910,0.5,50,10.0,0.008795737901795308,-0.004250127322598551,0.0001258197877728931,0.0009665697120420521,0.0009665701635546322
20260910,0.5,50,25.0,0.0016481919679841581,-0.0007515325809366313,6.826092030935397e-05,0.0012116779417476614,0.0012116788312192652
20260910,0.5,50,50.0,0.00043631153962340156,-0.00017880109724655036,3.826249149471794e-05,0.0013201407744651377,0.0013201419248186088
20260910,0.5,50,100.0,0.00011235263805093867,-3.56324687806886e-05,2.030023828121444e-05,0.0013802778178130892,0.0013802791326447419
20260910,0.75,75,0.0,5.62094293846425,-2.8220279666208277,0.10730750925724175,0.03228076773029414,0.03229759994058008
20260910,0.75,75,0.1,1.7426050961199628,-0.9015357827566219,0.011076261856068465,0.005950098551882534,0.005950203882350417
20260910,0.75,75,0.25,0.999242594574111,-0.5216345634782904,-0.0011946763955952271,-0.0008464402922271772,-0.0008464405954481405
20260910,0.75,75,0.5,0.5897528085242668,-0.3101111820997653,-0.0038852615979977846,-0.0035831241197656024,-0.003583147121455468
20260910,0.75,75,1.0,0.30866041699718805,-0.16297138529985755,-0.003112038015657461,-0.0039710304131826794,-0.003971061723306161
20260910,0.75,75,2.0,0.13965627816128395,-0.07354328214220196,-0.0014382057922617136,-0.0027335903562831806,-0.0027336005697395807
20260910,0.75,75,5.0,0.03843381470776431,-0.01987182226677997,-0.00011372124657586502,-0.00041325302804800536,-0.0004132530633352862
20260910,0.75,75,10.0,0.012290784118248564,-0.006150642940506046,0.0001528567053863148,0.0009839373602024302,0.000983937836493757
20260910,0.75,75,25.0,0.002341766314971685,-0.0010573789451784332,0.0001417634557429141,0.0020933399925848425,0.00209334457918354
20260910,0.75,75,50.0,0.0006242111917322218,-0.00023140625667816828,8.819899373574389e-05,0.0025238560846561095,0.002523864122986267
20260910,0.75,75,100.0,0.00016134607469075958,-3.3793391000402906e-05,4.889118087225429e-05,0.0027525413239283597,0.002752551751279903
20260910,0.9,90,0.0,5.8534186851547405,-3.0028968149593807,0.045019000218001606,0.012584736212273868,0.012585732888145471
20260910,0.9,90,0.1,1.9019564145562435,-0.9695261078843502,0.018190368670316075,0.009024217401663431,0.009024584874446776
20260910,0.9,90,0.25,1.086184627251586,-0.5520340546443068,0.009818457956472525,0.006480269947291117,0.00648040601747622
20260910,0.9,90,0.5,0.6421380108956874,-0.32507991047609264,0.00548438805779409,0.004736449268213244,0.0047365023977441615
20260910,0.9,90,1.0,0.33991799137302936,-0.1703618162117868,0.0034861222896690374,0.004167821868594901,0.004167858068139718
20260910,0.9,90,2.0,0.15705212098444693,-0.07698074549542455,0.0027534032167538303,0.00487683705077015,0.004876895046028261
20260910,0.9,90,5.0,0.04461555336473909,-0.020490318666633422,0.0019804181913541264,0.0066278774741854235,0.006628023056200685
20260910,0.9,90,10.0,0.014541556620688649,-0.005977221320668136,0.001321176656783151,0.007770283823658205,0.007770518408701295
20260910,0.9,90,25.0,0.0028136361718300936,-0.0007604166337800145,0.0006495932631974774,0.008705206593320145,0.008705536455052522
20260910,0.9,90,50.0,0.0007545697103231332,-2.8150925628800394e-05,0.0003503457614956924,0.009073500968752302,0.00907387449531489
20260910,0.9,90,100.0,0.0001956783013254309,8.372726680194731e-05,0.00018220233579569517,0.009270294814971896,0.009270693177642224
20260910,0.95,95,0.0,7.582498555647282,-3.995592614398338,-0.045615249141383006,-0.011358047440616319,-0.011358780135335625
20260910,0.95,95,0.1,1.7798471476548177,-0.9021098572386868,0.027375321569497936,0.01381265067037489,0.013813968512054802
20260910,0.95,95,0.25,1.0280561926855492,-0.5190679084288734,0.014733702102649291,0.009799769982295004,0.009800240579055196
20260910,0.95,95,0.5,0.628240445904804,-0.31582085079613753,0.008161897353508,0.006987946175795112,0.006988116797612552
20260910,0.95,95,1.0,0.3436928420281589,-0.17098111717235653,0.00473111436504113,0.005528739822259099,0.005528824322591911
20260910,0.95,95,2.0,0.16235562981912935,-0.07891033181346829,0.0033336865655305237,0.005727247161549845,0.0057273410946088186
20260910,0.95,95,5.0,0.04691123810079093,-0.0212377210337078,0.002298326682149631,0.0074268483268109834,0.007427053160617184
20260910,0.95,95,10.0,0.01541989684689171,-0.006162835123246335,0.0015414817491406323,0.008732565881460104,0.008732898863229168
20260910,0.95,95,25.0,0.003005173244543376,-0.0007330647761536468,0.0007656265383394785,0.009859271088470409,0.009859750309746928
20260910,0.95,95,50.0,0.0008083757245676696,1.1321561130261948e-05,0.00041486166887270916,0.010313291719973576,0.010313840245140036
20260910,0.95,95,100.0,0.00020998150401923442,0.00011111409169795028,0.00021631602871216357,0.010557800415168997,0.01055838888832522
20260910,0.98,98,0.0,138.9949671832929,-69.80711350910356,-0.7082787479150198,-0.04217265500207301,-0.042210207826925764
20260910,0.98,98,0.1,1.7955177150756736,-0.9336919913969044,0.008629561677396048,0.0043417376917317336,0.004341778614677664
20260910,0.98,98,0.25,1.0385034255099816,-0.5393462205636983,0.0035398302990919507,0.002347271452774219,0.00234727791916207
20260910,0.98,98,0.5,0.6337593620839869,-0.3278766869461711,0.0011403418083039485,0.0009741805695907419,0.0009741810318532836
20260910,0.98,98,1.0,0.34612182162479094,-0.17735579926826395,0.0005830014237303662,0.0006803170881170171,0.0006803172455531067
20260910,0.98,98,2.0,0.16331184665900045,-0.08212167760093547,0.0009475183533405254,0.0016262714004849316,0.0016262735510368888
20260910,0.98,98,5.0,0.04717136038081925,-0.022576620528510727,0.0011505417568120205,0.003715202560783256,0.0037152282010177316
20260910,0.98,98,10.0,0.015512735349694296,-0.006869980964268052,0.0008943683294308382,0.005062536721428282,0.0050626015972559755
20260910,0.98,98,25.0,0.003025617687148572,-0.0010317662713457132,0.0004784514355427968,0.0061548379575207006,0.006154954539711936
20260910,0.98,98,50.0,0.0008142075391429744,-0.00014139676335345186,0.0002650513343704542,0.006581405354457666,0.006581547895533975
20260910,0.98,98,100.0,0.00021154773375589797,3.384477963841448e-05,0.00013966679703923899,0.006808290205576323,0.006808448002772066
20260910,1.02,102,0.0,52.61338102941289,-26.565800228127927,-0.2044425631658471,-0.020105781975651525,-0.020109847013610807
20260910,1.02,102,0.1,1.8389242116584084,-0.953398079990962,0.007327482325080002,0.0037083137070987524,0.0037083392049675956
20260910,1.02,102,0.25,1.0496634455227516,-0.5472316054724609,0.0002988311700531767,0.0001991179334348405,0.0001991179373821497
20260910,1.02,102,0.5,0.6384023614227771,-0.333000953506311,-0.0020277328921526924,-0.001737011372686514,-0.0017370139931551908
20260910,1.02,102,1.0,0.34902726332328043,-0.1815768821242083,-0.002260964291899203,-0.0026356824624765673,-0.0026356916173327794
20260910,1.02,102,2.0,0.16535797128749374,-0.08558121651453998,-0.0014480765512540081,-0.00247073583727176,-0.0024707433786536983
20260910,1.02,102,5.0,0.04807306993101645,-0.024653232823124593,-0.00043993897238823874,-0.0014036348732691056,-0.0014036362559854462
20260910,1.02,102,10.0,0.01587720054551232,-0.008072773398545952,-0.00011247516595852059,-0.0006268709636133797,-0.0006268710867832813
20260910,1.02,102,25.0,0.003108967623280998,-0.0015527797421872602,1.1743760922495184e-06,1.4831547783551882e-05,1.4831547785183166e-05
20260910,1.02,102,50.0,0.0008380754437468349,-0.0004075853818283903,1.0891529979312809e-05,0.0002651890207388305,0.00026518903006356864
20260910,1.02,102,100.0,0.00021795863155164337,-0.00010046451079093188,8.33025779839705e-06,0.0003979193765174013,0.00039791940802064824
20260910,1.05,105,0.0,15.92709049657929,-7.848525559007692,-0.18984995859077095,-0.03340283895450223,-0.03342148916561897
20260910,1.05,105,0.1,1.87987853307228,-0.9886021927933257,-0.001986904710297438,-0.0009869982079323692,-0.0009869986886825032
20260910,1.05,105,0.25,1.0958197624210049,-0.5767548348875013,-0.0029533252578545764,-0.0019195105183394854,-0.0019195140545873095
20260910,1.05,105,0.5,0.6696779263095582,-0.3513814587506099,-0.0028178370090307958,-0.0023492216501681588,-0.002349228132686971
20260910,1.05,105,1.0,0.3640653212100612,-0.18967704519956752,-0.0017353694082843196,-0.001972199427578348,-0.0019722032630939746
20260910,1.05,105,2.0,0.17095605295313532,-0.08792976104744565,-0.00046791695209922343,-0.0007810644029698201,-0.0007810646412186293
20260910,1.05,105,5.0,0.04935482023426593,-0.024622085038152663,0.00037606323496345396,0.001177886920665145,0.0011778877377765162
20260910,1.05,105,10.0,0.016278076284725527,-0.007784233105201599,0.00042076095446654535,0.0023048202305961754,0.0023048263524493113
20260910,1.05,105,25.0,0.003187819912347897,-0.0013481209695007657,0.00025365289351666803,0.0031500477437573175,0.003150063372521745
20260910,1.05,105,50.0,0.0008596017306720738,-0.000287094848443914,0.00014456933829761954,0.0034616560322077005,0.0034616767730143733
20260910,1.05,105,100.0,0.0002236078974548298,-3.525531854609021e-05,7.711681091480312e-05,0.0036227644801816164,0.0036227882537614173
20260910,1.1,110,0.0,10.25833905589622,-5.017899232420185,0.03898650038995934,0.008678126894852303,0.008678453687685788
20260910,1.1,110,0.1,1.8105357300372336,-0.9438351833212715,-2.6721805966900545e-07,-1.3750622872755344e-07,-1.3750622872755474e-07
20260910,1.1,110,0.25,1.0548058467348569,-0.5499868652838231,-0.0022279114122089067,-0.0015033678272626005,-0.0015033695261574363
20260910,1.1,110,0.5,0.6485716886320951,-0.3378238944212113,-0.0031603142976643897,-0.0027287224857711766,-0.0027287326447613123
20260910,1.1,110,1.0,0.3581243657928341,-0.18620326099328133,-0.0030506316957662812,-0.0035611038137757954,-0.0035611263939890067
20260910,1.1,110,2.0,0.1723878067924449,-0.08957715044414116,-0.0022973802225367593,-0.003884521209685893,-0.0038845505177687403
20260910,1.1,110,5.0,0.05174025014464982,-0.027128482437573487,-0.0012312712883029632,-0.0038216070969051947,-0.0038216350038867766
20260910,1.1,110,10.0,0.01749331498191545,-0.009396236928806978,-0.0006913470662617837,-0.003701131805593401,-0.00370115715560258
20260910,1.1,110,25.0,0.003498341497977734,-0.002033538824525616,-0.00030064609986004873,-0.003607039200611532,-0.0036070626659503143
20260910,1.1,110,50.0,0.0009513693482069658,-0.000625522579350779,-0.0001552957125529435,-0.0035757761304891908,-0.0035757989909579817
20260910,1.1,110,100.0,0.0002486185759195173,-0.00020165270080751974,-7.90250057680035e-05,-0.003560998253734302,-0.0035610208319395574
20260910,1.25,125,0.0,4.441952170117299,-2.2062065443865215,-0.003364034529272002,-0.0011509616481008525,-0.0011509624104483749
20260910,1.25,125,0.1,1.7750950928237446,-0.9044169021152544,-0.009640809528209374,-0.005170567859680003,-0.005170636978042301
20260910,1.25,125,0.25,1.083503930500032,-0.5543358741871496,-0.006214825875237656,-0.004256131724374231,-0.0042561702740816785
20260910,1.25,125,0.5,0.6677164763563451,-0.34177559486398046,-0.003379756322796017,-0.002941048225440988,-0.0029410609452110137
20260910,1.25,125,1.0,0.3683966463870367,-0.18793282861144678,-0.0012625851785551606,-0.0014748881180166212,-0.0014748897221775834
20260910,1.25,125,2.0,0.17844117574883372,-0.09034338375526296,-0.0001197012006537328,-0.0002003834706208644,-0.0002003834746439169
20260910,1.25,125,5.0,0.05425905828437813,-0.02705432331385116,0.0002814674215603934,0.0008524868371298152,0.0008524871468954865
20260910,1.25,125,10.0,0.018494991440124287,-0.009068090751724878,0.00023117758311581204,0.0011982373146156,0.001198238174814716
20260910,1.25,125,25.0,0.0037241602747445494,-0.0017537151716855437,0.00011614762034200643,0.0013410232407582818,0.0013410244465700096
20260910,1.25,125,50.0,0.0010156765876666884,-0.00044813447144820273,6.164311073733908e-05,0.0013627125006981217,0.0013627137659684653
20260910,1.25,125,100.0,0.00026584325155687416,-0.00010183646560357751,3.161305676411969e-05,0.0013659519815035037,0.001365953255818839
20260910,1.5,150,0.0,3.285681899481633,-1.6741083590345598,-0.008364249857593268,-0.0033183909636582214,-0.0033184092344028435
20260910,1.5,150,0.1,1.7158035128768088,-0.8553900965903896,0.006242560053647505,0.003434619952276262,0.0034346402108987786
20260910,1.5,150,0.25,1.072570366853652,-0.526492513990612,0.009744716355373577,0.006768238455842782,0.00676839348446208
20260910,1.5,150,0.5,0.6666468044887877,-0.32311711514476693,0.009753875202876941,0.008557224754940486,0.008557538078226757
20260910,1.5,150,1.0,0.3699653015876024,-0.17678017082950115,0.008089779486126911,0.009467250781059982,0.009467675078922396
20260910,1.5,150,2.0,0.18090436572472074,-0.08463185044394028,0.005888663170927542,0.009789690758341033,0.00979015990447526
20260910,1.5,150,5.0,0.05611949598787347,-0.024802156263762365,0.003300875578063457,0.0097902103828572,0.00979067960370404
20260910,1.5,150,10.0,0.019432718995517753,-0.007814309320170798,0.0019164281400488221,0.009635421424380775,0.009635868738275216
20260910,1.5,150,25.0,0.003972869896829057,-0.0011424006216407268,0.0008474496541555975,0.009410351693086455,0.009410768386286648
20260910,1.5,150,50.0,0.0010907816119541682,-0.00010831603834393633,0.0004386464731347006,0.00929218025289604,0.009292581443734618
20260910,1.5,150,100.0,0.00028657844369324334,7.905332651148012e-05,0.0002231601631402118,0.009221248163131716,0.009221640236037854
20260910,2.0,200,0.0,1.7038164445589499,-0.7347994440776151,0.08716346701223955,0.0486957778951218,0.0487536164114237
20260910,2.0,200,0.1,1.2415929247876394,-0.5296768578715785,0.07406038279462428,0.048084607432977294,0.048140292934669045
20260910,2.0,200,0.25,0.9028894847845572,-0.38096681196507043,0.06197992993719104,0.046820735883773404,0.046872140185924546
20260910,2.0,200,0.5,0.6243596959418796,-0.2593852293115939,0.049872582274158896,0.04494874644967102,0.044994222365182954
20260910,2.0,200,1.0,0.37961216621259986,-0.15302712319492362,0.036897268193458885,0.04230491535377093,0.04234282292143661
20260910,2.0,200,2.0,0.19963196603870384,-0.07559232294114016,0.025056604543588764,0.03936225862075369,0.03939278779532128
20260910,2.0,200,5.0,0.06634217294454726,-0.020354135967120213,0.01325692323887563,0.03595942619933172,0.03598269798437564
20260910,2.0,200,10.0,0.023779806015522476,-0.004530739236098258,0.007532569625797949,0.034085405470639075,0.03410522320611308
20260910,2.0,200,25.0,0.00499754937461587,0.000756436261209581,0.0032969686996700814,0.03253249552643911,0.03254972480286575
20260910,2.0,200,50.0,0.0013875244023923495,0.0009948354421009942,0.0017030403272067032,0.031892907621080296,0.03190914006133562
20260910,2.0,200,100.0,0.00036677300230707893,0.0006770768400996552,0.000865902367710673,0.03154131472859379,0.03155701595488844
20260910,3.0,300,0.0,0.859566275140266,-0.31549185807218727,0.11519198934553948,0.08830037481718657,0.08864663806463914
20260910,3.0,300,0.1,0.7528181487305802,-0.2702526077669396,0.10737512243744482,0.08787527031258438,0.0882165372455548
20260910,3.0,300,0.25,0.6345589062664302,-0.22080861188270484,0.09792187085335817,0.087202180612577,0.08753563586888002
20260910,3.0,300,0.5,0.5014002109631683,-0.16618113264650614,0.08607266113090031,0.08613208311645508,0.08645336745019554
20260910,3.0,300,1.0,0.34819344261932295,-0.1051847969408386,0.07036088692598585,0.08437761385485207,0.08467959395252389
20260910,3.0,300,2.0,0.20655760379527688,-0.05161324738656847,0.052777752753175776,0.08206483795339216,0.08234258008565513
20260910,3.0,300,5.0,0.07874516343046394,-0.00853745473923695,0.0313895031483354,0.07893897007217515,0.07918607412926516
20260910,3.0,300,10.0,0.030740334778827233,0.0035258400397013556,0.01915298503324073,0.07704207914730936,0.07727174296403107
20260910,3.0,300,25.0,0.0069986178139398855,0.0053665147742111285,0.008943682318854184,0.07537195527970768,0.07558696326172443
20260910,3.0,300,50.0,0.002014308518177795,0.0037141655843800914,0.004752456939925485,0.07464948073757627,0.07485834787960448
20260910,3.0,300,100.0,0.0005435557583356205,0.0021703917530919714,0.002455282287011311,0.07424129968604547,0.07444674987864396
20260910,5.0,500,0.0,0.43936321436584036,-0.1372654271720979,0.08091602156767752,0.08678934798945712,0.08711807186566474
20260910,5.0,500,0.1,0.41439662494730006,-0.12661530905118168,0.07924964932354411,0.0874767816986947,0.08781340924878013
20260910,5.0,500,0.25,0.3814290483236563,-0.11271746183294895,0.07687360416420802,0.0883815289360963,0.08872875154137647
20260910,5.0,500,0.5,0.33585658492118386,-0.09385179816469713,0.07322100471849469,0.08962550424550905,0.08998765629808465
20260910,5.0,500,1.0,0.26871050473941627,-0.06693236668081126,0.06690702714397365,0.09143935772457527,0.09182404108435382
20260910,5.0,500,2.0,0.18694599408738058,-0.036066576021995145,0.05719902270250059,0.09360057074432569,0.09401330515682511
20260910,5.0,500,5.0,0.08753917506355012,-0.0035586491249908203,0.040205820811900286,0.09609411699360595,0.09654088384530063
20260910,5.0,500,10.0,0.039003798519473165,0.007593937547587415,0.027125534749781806,0.09719273922351916,0.0976550795466581
20260910,5.0,500,25.0,0.01007840339906606,0.008773871229150187,0.01384375621403305,0.09771853564581265,0.09818845662131878
20260910,5.0,500,50.0,0.003076333590197279,0.006086078718039123,0.007646537091799823,0.0977746312569628,0.0982453658815278
20260910,5.0,500,100.0,0.0008593067799975411,0.0035948888730464867,0.004038291351464438,0.0977521331507206,0.09822254133386443
20260910,7.0,700,0.0,0.26919711332723717,-0.03956815536959768,0.0993176082967138,0.13141094739024686,0.13256051489515167
20260910,7.0,700,0.1,0.26029036129458605,-0.036509351233493526,0.0977950955876852,0.13157970150599563,0.13273374245533073
20260910,7.0,700,0.25,0.2478486754863215,-0.03229699217773363,0.09560609355595899,0.13180824261014049,0.13296836060018025
20260910,7.0,700,0.5,0.22924795680650648,-0.02614027037391553,0.09218859712603375,0.13213279099432126,0.13330157600401146
20260910,7.0,700,1.0,0.19842446211769613,-0.0163560432246721,0.0860966186534558,0.13261828927236455,0.1338001209383421
20260910,7.0,700,2.0,0.15409338333023456,-0.0034071489340190553,0.07618904781307649,0.13317148771176293,0.13436830483280357
20260910,7.0,700,5.0,0.08600764920352727,0.012569592677141639,0.057017496651550516,0.1335051299015419,0.1347110467456911
20260910,7.0,700,10.0,0.043706413394216236,0.01786718688972677,0.04046563837331281,0.13310848583171847,0.13430358986992785
20260910,7.0,700,25.0,0.012981227243367218,0.015081304563196118,0.021815059636382063,0.13198398703969902,0.1331487928508998
20260910,7.0,700,50.0,0.004247663835212621,0.010161685755267325,0.012382571413939735,0.13115655634341497,0.1322994024418264
20260910,7.0,700,100.0,0.001237956646661418,0.005989726179802979,0.0066485433677883135,0.13057003911454293,0.1316974897567995
20260910,10.0,1000,0.0,0.18001227937206857,0.0016840342556156962,0.09267346981143824,0.15319226203877015,0.155022080203571
20260910,10.0,1000,0.1,0.17618765171077197,0.002697321105337269,0.09176412368492068,0.15329148230734393,0.1551249009456991
20260910,10.0,1000,0.25,0.17069809009372847,0.004128411275576949,0.09043503694463129,0.15343045037407377,0.15526891991945177
20260910,10.0,1000,0.5,0.1621553441798557,0.006298294108841085,0.08830818942290052,0.1536382912562079,0.1554843325570063
20260910,10.0,1000,1.0,0.14703937066102363,0.00995342423220924,0.08435616283844416,0.1539791161120167,0.15583761960823178
20260910,10.0,1000,2.0,0.12289980412008686,0.015227346205269665,0.07746983860198522,0.1544426875498841,0.15631823292578922
20260910,10.0,1000,5.0,0.07874310657063818,0.022433222523766116,0.06239100508534045,0.15495972676473815,0.15685440439085968
20260910,10.0,1000,10.0,0.04506037892128665,0.02436344999771667,0.04728319997050831,0.15491791857952975,0.15681104425637218
20260910,10.0,1000,25.0,0.015381848535616116,0.0196777422913329,0.02754709162033498,0.15420827673510348,0.1560751914706855
20260910,10.0,1000,50.0,0.005424092905076239,0.013494270407520825,0.016295083137509603,0.15353498347822786,0.15537725858107945
20260910,10.0,1000,100.0,0.0016579318466491274,0.008107391499504124,0.0089794270985192,0.15300751230797696,0.15483063912350106
20260911,0.5,50,0.0,2.178141821648457,-1.0755091262643335,-0.01025416667211057,-0.004887693858680095,-0.004887752242132644
20260911,0.5,50,0.1,1.1816473749795626,-0.6003692385021764,-0.018951756367035687,-0.012139793390194196,-0.012140688037579296
20260911,0.5,50,0.25,0.7057836481175087,-0.370102909925883,-0.02095038978972592,-0.017236942714579023,-0.017239503938256396
20260911,0.5,50,0.5,0.41006332089421177,-0.22383876052593,-0.020083200477412907,-0.021563082518319034,-0.02156809732297648
20260911,0.5,50,1.0,0.20635447327465392,-0.11983436723024132,-0.016969432908483715,-0.025610024996321545,-0.02561842759666105
20260911,0.5,50,2.0,0.08927211445184995,-0.0570863666973378,-0.01252581920024445,-0.028750407978981735,-0.028762297692167017
20260911,0.5,50,5.0,0.023394152338135625,-0.018606572180412284,-0.006933650078746123,-0.031187893891365455,-0.031203072959601764
20260911,0.5,50,10.0,0.007296252861868159,-0.0076094642178823335,-0.0039728775632981925,-0.032074003490699964,-0.032090514163142694
20260911,0.5,50,25.0,0.0013635842348889825,-0.0024203275883971642,-0.0017424071245541039,-0.03260278487978023,-0.032620126133427636
20260911,0.5,50,50.0,0.0003607561394589282,-0.0010789618157975855,-0.0009002699178019391,-0.03277517877956459,-0.03279279672570875
20260911,0.5,50,100.0,9.287585009113227e-05,-0.0005034634682601347,-0.00045778833031040494,-0.032860173826244586,-0.03287792926703388
20260911,0.75,75,0.0,4.410393595481765,-2.0699957965960976,0.009371446700540702,0.0032106075903838025,0.003210624137985018
20260911,0.75,75,0.1,1.8730713977026052,-0.9002229907240349,-0.01422226878470402,-0.00749077687250185,-0.007490987041601824
20260911,0.75,75,0.25,1.0212648823119086,-0.5034531110736955,-0.016193846626011966,-0.011461864119020724,-0.011462617090566722
20260911,0.75,75,0.5,0.5685850389146672,-0.2884043423251563,-0.01504470654076378,-0.014162053901441067,-0.014163474312572614
20260911,0.75,75,1.0,0.2831974336259618,-0.14971810312066847,-0.01277537552468417,-0.016938330804328567,-0.016940761190577483
20260911,0.75,75,2.0,0.12385260824064609,-0.07003379684637001,-0.009934664730107045,-0.019855066351385186,-0.01985898117737248
20260911,0.75,75,5.0,0.033249520084666785,-0.022202220255882033,-0.006027656042103528,-0.023216284318779843,-0.023222543589722356
20260911,0.75,75,10.0,0.010544322246696927,-0.00878091716181828,-0.003647326846986669,-0.02493747610695987,-0.024945233755703553
20260911,0.75,75,25.0,0.0020003442293224935,-0.002643278272939975,-0.0016698392219591947,-0.026207976534431424,-0.026216981753296398
20260911,0.75,75,50.0,0.0005325770906056826,-0.0011358566114412216,-0.0008772085653575891,-0.02668082669985855,-0.02669032836663696
20260911,0.75,75,100.0,0.00013758990874763414,-0.000516516232815345,-0.00045000227559502794,-0.026927595562624706,-0.026937363412788483
20260911,0.9,90,0.0,22.196936679601396,-10.272794189233448,0.15689774610410054,0.02383725057001447,0.023844025793369077
20260911,0.9,90,0.1,2.0279907346748387,-0.9329868016533578,0.037798486492778435,0.01884473478917861,0.01884808178972971
20260911,0.9,90,0.25,1.0519426514774843,-0.4815511126510179,0.02310116642302976,0.015924073678150855,0.015926093044635225
20260911,0.9,90,0.5,0.5877790254351598,-0.26816061089293797,0.014327484031324634,0.013159105139494963,0.013160244616281075
20260911,0.9,90,1.0,0.2981239357248056,-0.13569899332949076,0.007716956618737917,0.009923388905254524,0.009923877537492728
20260911,0.9,90,2.0,0.13333747988294276,-0.06071591725760772,0.0034131199355430814,0.0065588785535573456,0.006559019635939826
20260911,0.9,90,5.0,0.03677659413262503,-0.016943294383762852,0.0007257536876916879,0.0026598793625006475,0.0026598887718182595
20260911,0.9,90,10.0,0.011841323091274399,-0.005598026163283976,8.72142469123841e-05,0.0005641755624079031,0.0005641756521947911
20260911,0.9,90,25.0,0.0022746519388125025,-0.00116317431198798,-7.170532290492648e-05,-0.0010598205597825005,-0.0010598211549886244
20260911,0.9,90,50.0,0.0006086896170323301,-0.0003509223202458056,-5.895442746153345e-05,-0.001685427025858336,-0.0016854294197295933
20260911,0.9,90,100.0,0.00015768832827679178,-0.00011150200855092329,-3.590026539886815e-05,-0.0020170981065711206,-0.002017102210051817
20260911,0.95,95,0.0,49.49271611505924,-24.314256411370245,-0.06084095418874279,-0.00614746911197093,-0.006147585275923249
20260911,0.95,95,0.1,2.0292231557558136,-0.9593246902184822,0.019197823402731663,0.00957829596112867,0.009578735365775269
20260911,0.95,95,0.25,1.0765930791769904,-0.5023382810600034,0.012896379177303961,0.008833909978251193,0.00883425468860777
20260911,0.95,95,0.5,0.6129172743178886,-0.28515960428674525,0.008223219680578325,0.007446666379337889,0.007446872857325519
20260911,0.95,95,1.0,0.31568017151931715,-0.14716400378410532,0.004263064570365864,0.005370249921889872,0.005370327361452332
20260911,0.95,95,2.0,0.14248238537479496,-0.06701783270686024,0.0014536027429723282,0.0027259306162137234,0.0027259407440533797
20260911,0.95,95,5.0,0.03937713259560338,-0.01917731262082567,-0.00022897484228314436,-0.0008179343970531157,-0.0008179346706591296
20260911,0.95,95,10.0,0.012649233063013993,-0.006542877061934904,-0.0004530022883499275,-0.002857770417592629,-0.002857782087157789
20260911,0.95,95,25.0,0.0024220765979594966,-0.0014766048455059355,-0.0003103217179136759,-0.004477148890527922,-0.004477193763118773
20260911,0.95,95,50.0,0.0006471492993891996,-0.0004944549099994422,-0.00018292875102424787,-0.005107269919698813,-0.005107336530542359
20260911,0.95,95,100.0,0.00016750537934209856,-0.00017972621163164781,-9.91591217100493e-05,-0.005442447351045232,-0.005442527956115665
20260911,0.98,98,0.0,95.9636780853201,-45.35328865502572,-0.04391576351622848,-0.0033113447927061762,-0.003311362947310481
20260911,0.98,98,0.1,2.1067225258128195,-0.9547580974565266,0.04340218505303817,0.021615848001070435,0.021620899718635896
20260911,0.98,98,0.25,1.1123970371994414,-0.4994010302788585,0.02606022797047166,0.017767150717671966,0.01776995567461713
20260911,0.98,98,0.5,0.635802961756396,-0.2838500130453754,0.016962156953844336,0.015224422134253103,0.015226186822368577
20260911,0.98,98,1.0,0.32907528010064635,-0.14576562453943276,0.01026316123483468,0.012765204721955435,0.012766244897016972
20260911,0.98,98,2.0,0.14880355296555559,-0.06522227752447818,0.005418253759983353,0.010011974528857243,0.010012476364916482
20260911,0.98,98,5.0,0.04103356159337449,-0.017703527547512143,0.0017869519795990212,0.006289068816278933,0.006289193193809028
20260911,0.98,98,10.0,0.013144622336990427,-0.00558888695804316,0.0006560417083885366,0.0040806231608609,0.004080657135503652
20260911,0.98,98,25.0,0.0025098914457070617,-0.0010317609956280727,0.00016095894527334316,0.0022917420662631888,0.0022917480844951766
20260911,0.98,98,50.0,0.0006697984342117572,-0.0002607637075915381,5.758002862664705e-05,0.0015871622746224583,0.001587164273723849
20260911,0.98,98,100.0,0.0001732512030330841,-6.0026133083646016e-05,2.2332248856772096e-05,0.0012104286578429203,0.0012104295445661251
20260911,1.02,102,0.0,281.06992238187365,-134.41992688910221,1.0289379349624312,0.04311615988266202,0.04315629238670419
20260911,1.02,102,0.1,2.1981604197897004,-0.964545374826427,0.08794445839173237,0.042534468833041544,0.0425729973970475
20260911,1.02,102,0.25,1.1605145911038366,-0.5086107943325626,0.04863329059428857,0.03216241268054573,0.03217906033132424
20260911,1.02,102,0.5,0.6623554038060125,-0.2902840954043169,0.02936961074719457,0.025547516415988042,0.025555857619524287
20260911,1.02,102,1.0,0.34203795494319567,-0.14868562669658814,0.017005192535157185,0.020497753294752584,0.020502060798562295
20260911,1.02,102,2.0,0.15450321535111222,-0.0657631065172215,0.009178754285676681,0.016436993265173592,0.016439214145456404
20260911,1.02,102,5.0,0.0426806642014628,-0.017162865597566856,0.003533168946909555,0.012038433385863117,0.012039305808918445
20260911,1.02,102,10.0,0.013705304807034932,-0.005041484071765412,0.0016018089635778335,0.009634144800501149,0.009634591936613297
20260911,1.02,102,25.0,0.0026239321469159094,-0.0007095521988063069,0.000562232015402717,0.007730356357937734,0.007730587345190461
20260911,1.02,102,50.0,0.0007010981124928348,-7.729486791729911e-05,0.00026263454238910133,0.006986640877011984,0.006986811403232114
20260911,1.02,102,100.0,0.00018147565747799051,3.796018146062785e-05,0.00012602659884931004,0.006589973836579534,0.0065901169351255525
20260911,1.05,105,0.0,26.20810054135858,-12.894220494765271,0.33525656161603556,0.04622392411595729,0.046273385592082224
20260911,1.05,105,0.1,2.2782410646596793,-0.9894498905020392,0.10358193144827547,0.04956151021925132,0.04962249262924043
20260911,1.05,105,0.25,1.1844081985881738,-0.5134075978628885,0.05642666048173862,0.03712589814439802,0.037151510536763584
20260911,1.05,105,0.5,0.6692048669646985,-0.2914210101522554,0.03209834407663502,0.027875077536973596,0.027885913597904127
20260911,1.05,105,1.0,0.343561228087983,-0.14965453657610195,0.01701088730924077,0.02050313451272316,0.02050744541064806
20260911,1.05,105,2.0,0.15519249264239837,-0.06693805535125263,0.008436924565823912,0.015088055371099968,0.015089773057866789
20260911,1.05,105,5.0,0.04310378783691589,-0.017917998407656732,0.0030149186505991597,0.010214331686425165,0.010214864571870543
20260911,1.05,105,10.0,0.013900654110434642,-0.005424785491082718,0.001324623280576593,0.0078972775276606,0.007897523803903865
20260911,1.05,105,25.0,0.0026712956003080665,-0.000842567929916882,0.0004544898119105827,0.006177912333804373,0.00617803023213614
20260911,1.05,105,50.0,0.000714841696824883,-0.00013679942413680202,0.00021039652983292006,0.005527444719500292,0.005527529160463705
20260911,1.05,105,100.0,0.00018518618209790175,1.0450124307892494e-05,0.00010045691822864582,0.005184650295846554,0.005184719980503407
20260911,1.1,110,0.0,17.9564547247273,-8.874642356144873,0.15929560340367943,0.02665511964134797,0.02666459386017574
20260911,1.1,110,0.1,2.293149469785447,-1.0185068259959462,0.0770157466067041,0.03651933386647852,0.036543710471083464
20260911,1.1,110,0.25,1.2408186888208892,-0.5517423048452232,0.046912383225810775,0.029877723738699017,0.029891068272596483
20260911,1.1,110,0.5,0.7059689618365821,-0.31484431508466804,0.028403542539367055,0.02378329723287826,0.023790026542098327
20260911,1.1,110,1.0,0.36163579203580365,-0.16114343639099538,0.015532121438586292,0.018079591947414743,0.01808254752498561
20260911,1.1,110,2.0,0.1624366479577612,-0.07176619964481801,0.007708256279734174,0.013356114212595733,0.01335730564247032
20260911,1.1,110,5.0,0.04489043979687723,-0.019277560423610174,0.002671393671983804,0.008792385843591244,0.008792725715601635
20260911,1.1,110,10.0,0.014465495589694401,-0.00593492731527645,0.0011321575760564692,0.006560100920401906,0.006560242081680624
20260911,1.1,110,25.0,0.0027814639834569427,-0.0009879290950391972,0.0003700809703688781,0.004887880777925973,0.0048879391680771034
20260911,1.1,110,50.0,0.0007447203482093274,-0.00019694353894461614,0.00016663209633508536,0.004252486977506722,0.004252525428261704
20260911,1.1,110,100.0,0.0001929955091597119,-1.6109941371134084e-05,7.814446273327471e-05,0.003917092673545142,0.003917122725071944
20260911,1.25,125,0.0,6.048102395727883,-2.7801158595587476,0.17924537717239628,0.05082379547828923,0.050889563327885134
20260911,1.25,125,0.1,2.096934271146619,-0.9282838059421201,0.09949939019717945,0.04804230887911478,0.04809784738583235
20260911,1.25,125,0.25,1.2032394204053922,-0.5210061029753723,0.07117688114295757,0.04521976453366837,0.045266068859124715
20260911,1.25,125,0.5,0.7148945882343114,-0.3015528785627586,0.05153584037819514,0.042433950763554745,0.042472206573340554
20260911,1.25,125,1.0,0.3791688069997845,-0.15281134843116373,0.034910927098165914,0.03951622372905974,0.039547112832218914
20260911,1.25,125,2.0,0.17456668634940628,-0.06455302981545841,0.021950008940255037,0.03669267455153259,0.03671740015596168
20260911,1.25,125,5.0,0.04924127853545337,-0.013812462495875755,0.010592053876035101,0.03340111049513211,0.03341975780956725
20260911,1.25,125,10.0,0.016023031238446242,-0.002239650522024794,0.005702921876648529,0.03154516941099247,0.03156087639742594
20260911,1.25,125,25.0,0.003105512162359784,0.0008494344063199044,0.0023902779012097888,0.030041572477529012,0.03005513786090162
20260911,1.25,125,50.0,0.0008342372977933428,0.000799420209852908,0.0012141080648986593,0.02944381701525106,0.029456588307017265
20260911,1.25,125,100.0,0.00021659118480122093,0.0005037652979573704,0.0006118474404023791,0.029122225929742437,0.02913458312921891
20260911,1.5,150,0.0,3.3771482093116014,-1.5301764739136137,0.12364800093065066,0.04711485463900943,0.04716723486235903
20260911,1.5,150,0.1,1.8008816691959408,-0.7974840720431833,0.09846417893171218,0.050669402993670655,0.050734572525912465
20260911,1.5,150,0.25,1.158096605445242,-0.5026832798721097,0.07808308884186353,0.04992831211231774,0.04999066026003357
20260911,1.5,150,0.5,0.7287906476749403,-0.30842804111558153,0.059292971633277305,0.04778780777671638,0.04784246731373719
20260911,1.5,150,1.0,0.4011254029283222,-0.16258587595182528,0.040836203385228205,0.04444785518023787,0.04449182619748
20260911,1.5,150,2.0,0.19001591117346314,-0.07119028135023875,0.0255037826288364,0.04042544912895256,0.04045852164706116
20260911,1.5,150,5.0,0.05539413973770241,-0.01622777547291432,0.012039799825140121,0.03539554210270993,0.035417735511922205
20260911,1.5,150,10.0,0.01837381791772443,-0.003000747487840849,0.006389540884024687,0.03261592696132282,0.03263328920521326
20260911,1.5,150,25.0,0.0036175602273477215,0.0007953239478074581,0.0026476693113347,0.03044834832238341,0.030462472505087823
20260911,1.5,150,50.0,0.000977912992966883,0.0008373086756842119,0.0013390872294808923,0.02961264390591504,0.029625636243586054
20260911,1.5,150,100.0,0.0002547545106232362,0.0005421282554930462,0.0006733314588746924,0.029169752696456382,0.02918217052049304
20260911,2.0,200,0.0,1.5950270259617576,-0.677418286084297,0.09626871927930075,0.055990294434510444,0.056078263673498614
20260911,2.0,200,0.1,1.1746195469116454,-0.4872167274525112,0.08202568446245845,0.05537782805143776,0.055462937554731355
20260911,2.0,200,0.25,0.8687964541439677,-0.34970966320044594,0.07079227243035871,0.05534465325977665,0.05542960966218869
20260911,2.0,200,0.5,0.6142989812826468,-0.2364221475322812,0.06044103673731372,0.05592583465935105,0.05601349994407593
20260911,2.0,200,1.0,0.38411840997922475,-0.13632849651262213,0.049081195799209366,0.057058238305146294,0.05715134632622259
20260911,2.0,200,2.0,0.20805372049737944,-0.06333984134038184,0.03713106829975788,0.05818702484893216,0.05828577845835742
20260911,2.0,200,5.0,0.07158753237746614,-0.0124145536548943,0.02225321008602015,0.05884719925713631,0.058949358381519525
20260911,2.0,200,10.0,0.026155552917513557,0.0008192315141813955,0.013516912033390132,0.058805724912703757,0.05890766781581341
20260911,2.0,200,25.0,0.005578996667290208,0.0035265190897214582,0.006243900862384291,0.058565204433369725,0.058665899441144226
20260911,2.0,200,50.0,0.0015577053789546833,0.002535213010264936,0.003296600764796227,0.058421955897559746,0.058521912560989375
20260911,2.0,200,100.0,0.0004129733992910394,0.0014932152845872348,0.0016963128027129664,0.058334216287821504,0.058433722507813056
20260911,3.0,300,0.0,0.8762902012611319,-0.3590797506553569,0.07962697897557805,0.06145242894072203,0.06156879313077143
20260911,3.0,300,0.1,0.7680631213490562,-0.30605484508902325,0.07821309853523688,0.0644796548737937,0.06461411543823226
20260911,3.0,300,0.25,0.6474119904235891,-0.24769767389344888,0.07585196513517216,0.06810893957422577,0.06826746413004614
20260911,3.0,300,0.5,0.5113226928385939,-0.18329844754384306,0.07177998067297173,0.07249977263461707,0.07269106433870533
20260911,3.0,300,1.0,0.35524548140665146,-0.11242564607330774,0.06425954351942498,0.07778278384754514,0.07801915615860265
20260911,3.0,300,2.0,0.21161058091601653,-0.052122636068599126,0.05270571252004453,0.08248709844512217,0.08276916479060134
20260911,3.0,300,5.0,0.08158612076581451,-0.00610318029792789,0.034104777702535304,0.08567274957275929,0.08598890230049298
20260911,3.0,300,10.0,0.03211641130953293,0.005715958659635367,0.021503073655968544,0.08593090529230045,0.08624993527943348
20260911,3.0,300,25.0,0.007359370246576444,0.006601675754891678,0.010217164369352055,0.08518060087460108,0.08549131667783415
20260911,3.0,300,50.0,0.0021226765054787847,0.004407682775544042,0.00545300846372051,0.08461065417376208,0.08491515233372343
20260911,3.0,300,100.0,0.0005733567841284847,0.002537904087668741,0.0028220359491288047,0.0842329212252774,0.08453334492554365
20260911,5.0,500,0.0,0.5003163420919859,-0.1477009615237017,0.1009586415567353,0.10078404025097858,0.10129982593649692
20260911,5.0,500,0.1,0.4679888883300125,-0.13431443415366462,0.09819360094962659,0.10137450741479614,0.10189945931364697
20260911,5.0,500,0.25,0.4259605384906085,-0.11713165599206588,0.09437912940015011,0.10216272358024324,0.10270008116602451
20260911,5.0,500,0.5,0.3691558585524214,-0.09437713013323368,0.08876058067989755,0.10326213257491315,0.10381712051760959
20260911,5.0,500,1.0,0.2883466237465514,-0.06320936674586708,0.07959396776056503,0.10487522391165453,0.1054567770955067
20260911,5.0,500,2.0,0.1948260829158165,-0.02974593423048577,0.06646542052500033,0.10672388656255649,0.10733692028841717
20260911,5.0,500,5.0,0.08838654226565812,0.0018569282482859828,0.04527826451876412,0.10832269772532532,0.10896386457714224
20260911,5.0,500,10.0,0.038992064650018886,0.010876317546374525,0.02996138351811262,0.10825953632584837,0.10889957562808071
20260911,5.0,500,25.0,0.010077529629266299,0.010097952980929525,0.01501932051224888,0.10712829811348468,0.10774836787799053
20260911,5.0,500,50.0,0.0030850179405470944,0.006718684986928292,0.008227459640626478,0.10625032232728629,0.10685518535957036
20260911,5.0,500,100.0,0.0008637523407379293,0.003899037357594781,0.004323884315548218,0.10563992299874024,0.10623436287547096
20260911,7.0,700,0.0,0.33468235563231513,-0.0617579093382119,0.10354532590951084,0.1260806808575915,0.12709489933846935
20260911,7.0,700,0.1,0.3210503199022899,-0.05691520386988547,0.10162134640255518,0.12637388293559862,0.1273952511550019
20260911,7.0,700,0.25,0.3023089201618913,-0.05035651699124544,0.0988800390548371,0.12677085289445303,0.12780195531858923
20260911,7.0,700,0.5,0.2749405904599965,-0.04100452024666712,0.09465754299096346,0.1273343312977003,0.1283793581395585
20260911,7.0,700,1.0,0.23128931928765623,-0.02673227097004327,0.08729666218357542,0.12817674604384754,0.12924282608361287
20260911,7.0,700,2.0,0.17217516853140738,-0.009024032376852675,0.07574946610601574,0.12913785521984533,0.130228302285551
20260911,7.0,700,5.0,0.08963346752197585,0.010693441701905115,0.05472227480833808,0.12975023044899417,0.1308563975531442
20260911,7.0,700,10.0,0.04335111658731604,0.016502451189478018,0.037761533083789656,0.12916790578633872,0.13025912072643772
20260911,7.0,700,25.0,0.012292342957231956,0.013738197469836844,0.019762934419930198,0.12748585825888514,0.1285346510965862
20260911,7.0,700,50.0,0.003940897874897958,0.00912144769621226,0.011057089680071063,0.12627047360632912,0.12728931631837562
20260911,7.0,700,100.0,0.0011352779252082194,0.005324672070621594,0.0058856923273087535,0.1254211229218783,0.126419381641159
20260911,10.0,1000,0.0,0.20425205044251118,-0.014600317612632141,0.08711700110484737,0.1399809585683647,0.1413728883622205
20260911,10.0,1000,0.1,0.19938200275253265,-0.01318495515957352,0.08612156266407965,0.14007431451858207,0.14146905893279968
20260911,10.0,1000,0.25,0.19243320487494503,-0.011192545282829203,0.08467352336934501,0.14020220035706815,0.14160080669233335
20260911,10.0,1000,0.5,0.18171577209700857,-0.008185202398833358,0.08237300386676628,0.14038635807776137,0.14179053834508087
20260911,10.0,1000,1.0,0.16303578798560575,-0.0031508794726251566,0.07815111466975543,0.1406650600629429,0.14207770440692966
20260911,10.0,1000,2.0,0.13394621943614776,0.004077139244109795,0.07095031630298261,0.14097060046601473,0.14239256355707167
20260911,10.0,1000,5.0,0.0830525938401331,0.014235316774882878,0.055808405340511485,0.14096770577662582,0.14238958038725877
20260911,10.0,1000,10.0,0.04624177984005379,0.018178312756375048,0.04138933160748734,0.1402345503530776,0.1416341347450366
20260911,10.0,1000,25.0,0.015330188973454123,0.015776195463169218,0.023504680535361467,0.13845994195517125,0.13980655380769788
20260911,10.0,1000,50.0,0.005331458605125591,0.011020753872372335,0.013719910393319715,0.13712812725822124,0.13843588699620468
20260911,10.0,1000,100.0,0.0016165581352834567,0.0066748267553261575,0.007498646999277291,0.13616034418881998,0.13744035194202647
